{"stats":{"minecraft:crafted":{"doggytalents:whistle":1,"minecraft:birch_slab":6,"tconstruct:broad_blade":1,"tconstruct:pick_head":1,"minecraft:lever":2,"minecraft:diamond_shovel":2,"minecraft:nether_brick":4,"tconstruct:seared_melter":1,"minecraft:glass":87,"minecraft:diamond_helmet":1,"minecraft:diamond_leggings":1,"easy_piglins:barterer":1,"tconstruct:seared_glass":9,"minecraft:gray_stained_glass":16,"tconstruct:tough_handle":3,"cataclysm:ignitium_leggings":1,"minecraft:cooked_porkchop":65,"advancednetherite:netherite_iron_pickaxe":1,"tconstruct:tool_handle":5,"minecraft:copper_ingot":60,"tconstruct:sword":1,"advancednetherite:netherite_diamond_ingot":4,"minecraft:iron_pickaxe":5,"minecraft:gold_ingot":25,"spartanshields:wooden_basic_shield":7,"minecraft:netherite_ingot":17,"tconstruct:cleaver":21,"cfm:stripped_birch_table":4,"tconstruct:large_plate":4,"tconstruct:bow_limb":1,"tconstruct:seared_chute":1,"tconstruct:part_builder":2,"minecraft:iron_nugget":11,"advancednetherite:netherite_gold_chestplate":1,"tconstruct:seared_basin":1,"minecraft:bone_meal":207,"spartanshields:copper_basic_shield":2,"tconstruct:tinker_station":1,"minecraft:stone_pickaxe":1,"spartanshields:netherite_basic_shield":1,"mcwbridges:birch_log_bridge_stair":6,"advancednetherite:netherite_iron_ingot":4,"cataclysm:ignitium_chestplate":1,"minecraft:netherite_pickaxe":1,"tconstruct:part_chest":2,"minecraft:gray_concrete_powder":104,"tconstruct:hammer_head":2,"minecraft:enchanted_book":7,"tconstruct:seared_heater":2,"minecraft:golden_apple":3,"minecraft:iron_shovel":6,"tconstruct:seared_ladder":4,"cataclysm:the_incinerator":1,"minecraft:iron_leggings":2,"doggytalents:rice_grains":39,"cataclysm:ignitium_helmet":1,"tconstruct:longbow":6,"tconstruct:grout":712,"minecraft:oak_planks":256,"minecraft:cobblestone_slab":6,"minecraft:cooked_chicken":1,"tconstruct:tool_binding":1,"spartanshields:iron_basic_shield":2,"minecraft:hopper":2,"minecraft:iron_boots":2,"advancednetherite:netherite_gold_shovel":1,"tconstruct:seared_brick":684,"minecraft:chest":23,"tconstruct:seared_fuel_tank":1,"minecraft:oak_button":4,"stalwart_dungeons:iron_hammer":1,"minecraft:oak_fence":6,"advancednetherite:netherite_gold_sword":1,"minecraft:golden_boots":2,"tconstruct:small_blade":1,"sophisticatedbackpacks:backpack":1,"minecraft:crafting_table":6,"minecraft:baked_potato":103,"minecraft:iron_helmet":4,"minecraft:wooden_pickaxe":1,"advancednetherite:netherite_gold_axe":1,"minecraft:birch_pressure_plate":4,"tconstruct:sky_slime_sling":4,"minecraft:gold_block":1,"minecraft:birch_planks":828,"tconstruct:sky_slime_crystal":4,"minecraft:iron_chestplate":1,"minecraft:diamond_pickaxe":2,"minecraft:shield":2,"minecraft:birch_fence":15,"minecraft:stick":108,"minecraft:iron_ingot":168,"minecraft:stone_sword":2,"tconstruct:seared_bricks":147,"tconstruct:pattern":33,"tconstruct:pickaxe":1,"minecraft:fishing_rod":1,"minecraft:netherite_sword":1,"minecraft:furnace":1,"minecraft:gray_dye":36,"spartanshields:diamond_basic_shield":1,"minecraft:glass_pane":16,"minecraft:flint_and_steel":1,"tconstruct:seared_bricks_stairs":4,"advancednetherite:netherite_gold_pickaxe":1,"minecraft:white_concrete_powder":1256,"minecraft:iron_axe":2,"mcwbridges:birch_log_bridge_middle":8,"tconstruct:seared_table":1,"minecraft:netherite_scrap":13,"advancednetherite:netherite_emerald_ingot":4,"minecraft:cooked_beef":2,"advancednetherite:netherite_gold_ingot":4,"advancednetherite:netherite_iron_shovel":1,"tconstruct:bow_grip":1,"tconstruct:excavator":2,"minecraft:iron_sword":2,"minecraft:bowl":4,"minecraft:nether_bricks":1,"minecraft:bucket":4,"spartanshields:obsidian_basic_shield":2,"minecraft:stone_axe":1,"tconstruct:seared_drain":1,"minecraft:air":0,"tconstruct:sky_congealed_slime":4,"minecraft:bread":68,"cfm:birch_kitchen_sink_light":2,"minecraft:oak_boat":1,"tconstruct:seared_ingot_gauge":1,"minecraft:white_dye":192,"tconstruct:crafting_station":2,"minecraft:netherite_shovel":1,"tconstruct:seared_faucet":3,"cataclysm:ignitium_boots":1,"minecraft:acacia_planks":100,"minecraft:torch":40,"minecraft:clay":94,"minecraft:diamond_chestplate":1,"tconstruct:sledge_hammer":40},"minecraft:custom":{"minecraft:interact_with_crafting_table":208,"minecraft:open_barrel":56,"goblintraders:trade_with_goblin":40,"minecraft:bell_ring":9,"minecraft:leave_game":60,"minecraft:time_since_death":46625,"minecraft:damage_blocked_by_shield":18612,"tombstone:eaten_lollipop":32,"minecraft:play_time":3994445,"minecraft:deaths":104,"minecraft:enchant_item":4,"minecraft:jump":35692,"minecraft:interact_with_furnace":163,"minecraft:traded_with_villager":19,"minecraft:interact_with_cartography_table":1,"minecraft:sleep_in_bed":42,"tombstone:sneak_grave":8,"minecraft:damage_dealt":221811,"tombstone:use_disenchantment":9,"tombstone:undead_killed":472,"minecraft:interact_with_smoker":92,"minecraft:inspect_dispenser":1,"minecraft:horse_one_cm":2122818,"minecraft:interact_with_smithing_table":50,"minecraft:interact_with_anvil":124,"minecraft:inspect_hopper":3,"minecraft:damage_dealt_absorbed":511,"minecraft:sneak_time":179498,"minecraft:interact_with_blast_furnace":212,"minecraft:total_world_time":3994445,"tombstone:raider_killed":69,"minecraft:tune_noteblock":48,"tombstone:pray_on_grave":1,"minecraft:time_since_rest":46681,"minecraft:swim_one_cm":346426,"minecraft:fly_one_cm":12558831,"minecraft:open_chest":1846,"minecraft:fish_caught":1,"minecraft:fall_one_cm":600924,"minecraft:damage_resisted":8534,"minecraft:sprint_one_cm":6903921,"minecraft:drop":1199,"minecraft:talked_to_villager":144,"minecraft:interact_with_brewingstand":1,"minecraft:walk_on_water_one_cm":421135,"minecraft:player_kills":4,"minecraft:crouch_one_cm":596430,"tombstone:villager_killed":10,"minecraft:mob_kills":1034,"tombstone:use_vanishing":5,"minecraft:damage_dealt_resisted":9310,"minecraft:climb_one_cm":83456,"minecraft:walk_one_cm":8704660,"tombstone:consume_soul":16,"minecraft:walk_under_water_one_cm":236435,"spartanshields:shield_bash_hits":70,"minecraft:pot_flower":1,"minecraft:interact_with_grindstone":3,"tombstone:free_soul":25,"minecraft:damage_taken":74982,"minecraft:damage_absorbed":7163,"tombstone:use_magic_impregnation":6},"minecraft:killed_by":{"minecraft:vindicator":20,"minecraft:zombie":10,"minecraft:vex":1,"minecraft:stray":1,"majruszsdifficulty:creeperling":1,"alexsmobs:kangaroo":1,"minecraft:evoker":2,"minecraft:wither_skeleton":13,"minecraft:creeper":7,"minecraft:cave_spider":2,"minecraft:illusioner":2,"minecraft:player":4,"minecraft:spider":3,"minecraft:skeleton":20,"cataclysm:ignis":13},"minecraft:broken":{"minecraft:golden_boots":3,"minecraft:iron_boots":1,"minecraft:iron_chestplate":2,"minecraft:iron_leggings":1,"minecraft:diamond_shovel":1,"minecraft:diamond_pickaxe":1,"spartanshields:iron_basic_shield":1,"minecraft:iron_sword":4,"minecraft:stone_sword":2,"minecraft:diamond_leggings":1,"minecraft:iron_axe":2,"minecraft:iron_pickaxe":6,"minecraft:iron_helmet":1,"minecraft:iron_shovel":7,"minecraft:stone_pickaxe":1,"tconstruct:sky_slime_sling":1,"minecraft:stone_axe":1,"advancednetherite:netherite_iron_helmet":1},"minecraft:mined":{"minecraft:dark_oak_planks":2,"minecraft:black_terracotta":4,"tconstruct:seared_drain":2,"minecraft:obsidian":23,"minecraft:red_sand":3,"minecraft:acacia_log":27,"tconstruct:part_chest":1,"minecraft:hopper":1,"minecraft:spawner":22,"minecraft:weeping_vines_plant":1,"minecraft:tall_seagrass":5,"minecraft:magma_block":20,"minecraft:fire":44,"tconstruct:cobalt_ore":36,"tconstruct:seared_melter":6,"minecraft:deepslate_lapis_ore":32,"minecraft:dirt_path":1,"minecraft:light_gray_concrete":8,"minecraft:white_banner":1,"minecraft:spruce_wood":1,"tconstruct:sky_slime_fern":7,"minecraft:player_head":1,"minecraft:tripwire":4,"minecraft:orange_bed":4,"tconstruct:part_builder":5,"minecraft:brown_mushroom":1,"tconstruct:sky_sky_slime_grass":24,"minecraft:crimson_nylium":48,"minecraft:soul_fire":3,"minecraft:powder_snow":4,"minecraft:torch":51,"minecraft:melon":35,"minecraft:glass":6,"minecraft:sugar_cane":6,"minecraft:damaged_anvil":1,"minecraft:birch_sapling":1,"tconstruct:seared_faucet":6,"minecraft:wheat":80,"minecraft:grass":148,"minecraft:smooth_quartz":35,"minecraft:deepslate":201,"tconstruct:sky_slime_vine":2,"minecraft:stripped_birch_log":3,"minecraft:nether_bricks":36,"minecraft:spruce_fence":4,"minecraft:crimson_roots":8,"minecraft:moss_block":3,"minecraft:white_concrete_powder":13,"minecraft:acacia_wood":1,"minecraft:andesite":188,"minecraft:potatoes":52,"minecraft:cobblestone_slab":1,"minecraft:vine":2,"minecraft:white_wool":11,"minecraft:potted_allium":1,"minecraft:gray_concrete":164,"minecraft:soul_sand":19,"minecraft:cornflower":4,"doggytalents:rice_mill":4,"minecraft:copper_ore":32,"minecraft:tall_grass":36,"minecraft:deepslate_gold_ore":30,"minecraft:purple_wool":1,"tconstruct:sky_slime_leaves":13,"minecraft:red_terracotta":9,"minecraft:coarse_dirt":8,"tconstruct:smeltery_controller":3,"minecraft:birch_leaves":51,"minecraft:gravel":1275,"minecraft:cobweb":56,"minecraft:acacia_planks":21,"minecraft:polished_blackstone":1,"minecraft:stone_bricks":8,"minecraft:gold_ore":24,"tconstruct:sky_congealed_slime":24,"minecraft:spruce_planks":9,"minecraft:attached_melon_stem":1,"minecraft:oak_sapling":1,"tconstruct:tinker_station":6,"minecraft:cobblestone_stairs":10,"tconstruct:seared_bricks":92,"minecraft:grass_block":621,"minecraft:white_concrete":313,"minecraft:soul_soil":10,"tconstruct:seared_table":5,"minecraft:glowstone":2,"minecraft:iron_ore":135,"minecraft:anvil":3,"tconstruct:seared_fuel_tank":3,"minecraft:dark_oak_stairs":1,"tconstruct:sky_slime_dirt":4,"minecraft:spruce_slab":2,"minecraft:deepslate_redstone_ore":36,"minecraft:gray_terracotta":2,"tconstruct:seared_chute":1,"minecraft:cyan_terracotta":6,"minecraft:blackstone":194,"tconstruct:tinkers_anvil":1,"minecraft:clay":104,"minecraft:chiseled_quartz_block":3,"cfm:stripped_birch_upgraded_fence":1,"minecraft:calcite":12,"minecraft:chest":8,"minecraft:nether_quartz_ore":212,"minecraft:wither_skeleton_wall_skull":3,"minecraft:cobblestone":145,"minecraft:birch_wood":3,"minecraft:oak_planks":1,"minecraft:iron_door":2,"minecraft:wall_torch":20,"tconstruct:large_earth_slime_crystal_bud":4,"minecraft:seagrass":4,"minecraft:warped_nylium":13,"minecraft:birch_log":225,"minecraft:smooth_stone_slab":9,"minecraft:oak_log":65,"minecraft:sand":741,"minecraft:dirt":876,"tconstruct:crafting_station":1,"tconstruct:seared_heater":2,"minecraft:wither_skeleton_skull":2,"minecraft:tripwire_hook":1,"tconstruct:seared_bricks_stairs":10,"minecraft:ancient_debris":21,"minecraft:netherrack":7281,"minecraft:oak_leaves":80,"infernalexp:buried_bone":8,"minecraft:nether_gold_ore":46,"minecraft:tuff":37,"minecraft:deepslate_diamond_ore":70,"minecraft:lever":1,"minecraft:glow_lichen":3,"tconstruct:medium_earth_slime_crystal_bud":1,"tconstruct:earth_slime_crystal_block":21,"minecraft:spruce_leaves":8,"minecraft:birch_slab":1,"minecraft:rooted_dirt":1,"minecraft:crimson_stem":4,"minecraft:hay_block":25,"minecraft:carrots":57,"tconstruct:budding_earth_slime_crystal":3,"minecraft:black_concrete":1,"doggytalents:dog_bed":5,"minecraft:nether_brick_fence":8,"minecraft:bookshelf":112,"minecraft:shroomlight":1,"minecraft:deepslate_iron_ore":61,"tconstruct:seared_glass":13,"minecraft:stone":1823,"minecraft:birch_pressure_plate":4,"doggytalents:rice_crop":27,"minecraft:acacia_leaves":16,"tconstruct:sky_slime_tall_grass":29,"mcwbridges:birch_log_bridge_stair":4,"minecraft:basalt":354,"minecraft:crafting_table":6,"tconstruct:earth_slime_crystal_cluster":3,"minecraft:gray_stained_glass":10,"tconstruct:seared_basin":15,"minecraft:lectern":49,"minecraft:spruce_stairs":4,"minecraft:birch_planks":190,"minecraft:gray_wool":1,"cfm:black_sofa":2,"minecraft:gray_concrete_powder":1,"minecraft:sweet_berry_bush":1,"tconstruct:skyroot_log":16,"minecraft:coal_ore":226,"minecraft:cyan_carpet":9,"minecraft:cracked_stone_bricks":1,"minecraft:terracotta":2,"minecraft:polished_andesite":5},"minecraft:dropped":{"minecraft:iron_sword":3,"minecraft:acacia_wood":1,"minecraft:piston":12,"minecraft:cooked_beef":9,"minecraft:glow_ink_sac":25,"spartanshields:obsidian_basic_shield":1,"minecraft:glass_bottle":2,"minecraft:crafting_table":1,"minecraft:cooked_porkchop":20,"minecraft:crossbow":1,"minecraft:weeping_vines":1,"minecraft:glow_item_frame":1,"minecraft:saddle":2,"minecraft:rail":1,"minecraft:leather_helmet":1,"tconstruct:sword":1,"minecraft:emerald":449,"minecraft:dirt":686,"minecraft:gray_concrete":110,"savage_and_ravage:creeper_spores":3,"doggytalents:dog_bed":1,"minecraft:gold_nugget":101,"alexsmobs:emu_feather":2,"minecraft:bone_meal":11,"minecraft:phantom_membrane":6,"minecraft:sand":89,"minecraft:iron_pickaxe":1,"majruszsdifficulty:tattered_leggings":1,"minecraft:dark_oak_planks":2,"tconstruct:large_plate":2,"minecraft:music_disc_stal":2,"minecraft:white_wool":1,"minecraft:cyan_carpet":43,"minecraft:bone":41,"tombstone:lollipop":2,"minecraft:oak_door":1,"tconstruct:pickaxe":2,"majruszsdifficulty:cloth":72,"minecraft:sugar_cane":2,"minecraft:golden_chestplate":1,"minecraft:cobbled_deepslate":280,"tconstruct:broad_blade":2,"minecraft:birch_sapling":7,"minecraft:wheat":3,"minecraft:obsidian":18,"minecraft:rotten_flesh":60,"minecraft:oak_planks":65,"minecraft:glowstone_dust":1,"minecraft:nether_brick_fence":2,"alexsmobs:blood_sac":16,"minecraft:tipped_arrow":1,"tconstruct:sledge_hammer":3,"minecraft:charcoal":1,"minecraft:leather_boots":2,"minecraft:acacia_sapling":1,"minecraft:glass":17,"minecraft:beef":1,"alexsmobs:mosquito_proboscis":1,"minecraft:enchanted_book":7,"minecraft:golden_boots":1,"minecraft:iron_ingot":25,"infernalexp:raw_hogchop":2,"minecraft:wheat_seeds":64,"tconstruct:tool_handle":2,"minecraft:iron_helmet":2,"minecraft:feather":1,"minecraft:cobblestone":1726,"minecraft:book":135,"spartanshields:iron_basic_shield":1,"minecraft:chainmail_helmet":2,"minecraft:coal":7,"minecraft:golden_apple":16,"minecraft:end_rod":3,"tombstone:dust_of_vanishing":2,"minecraft:golden_carrot":63,"sophisticatedbackpacks:advanced_tool_swapper_upgrade":1,"minecraft:smooth_stone":7,"minecraft:chainmail_leggings":5,"minecraft:paper":1,"minecraft:string":99,"minecraft:acacia_planks":16,"minecraft:spruce_sapling":1,"doggytalents:rice_mill":1,"tombstone:familiar_stone":3,"minecraft:stone_sword":3,"minecraft:bowl":1,"minecraft:sticky_piston":5,"minecraft:iron_boots":2,"sophisticatedbackpacks:backpack":1,"minecraft:name_tag":1,"minecraft:nether_bricks":11,"minecraft:spruce_fence":8,"minecraft:pumpkin_seeds":13,"minecraft:diamond_sword":3,"tconstruct:sky_slime_sling":3,"minecraft:cobblestone_slab":1,"minecraft:stone":1,"minecraft:allium":5,"minecraft:spruce_planks":9,"minecraft:bundle":12,"minecraft:diamond_pickaxe":2,"doggytalents:throw_stick":3,"minecraft:spider_eye":49,"minecraft:stone_bricks":3,"minecraft:bow":9,"tombstone:book_of_disenchantment":6,"minecraft:crimson_hyphae":2,"minecraft:magma_block":3,"minecraft:dark_prismarine":2,"minecraft:terracotta":2,"minecraft:birch_planks":51,"minecraft:brown_mushroom":1,"minecraft:dark_oak_stairs":2,"minecraft:oak_log":3,"minecraft:baked_potato":65,"cataclysm:the_incinerator":1,"alexsmobs:rocky_shell":1,"majruszsdifficulty:tattered_helmet":1,"spartanshields:netherite_basic_shield":1,"minecraft:leather":8,"minecraft:iron_horse_armor":1,"alexsmobs:bison_fur":2,"minecraft:flint":16,"minecraft:music_disc_13":1,"minecraft:music_disc_11":1,"minecraft:cobblestone_stairs":4,"minecraft:cyan_terracotta":5,"tombstone:bag_of_seeds":3,"minecraft:cornflower":33,"minecraft:mutton":24,"minecraft:crimson_roots":9,"minecraft:cooked_cod":1,"minecraft:amethyst_shard":16,"minecraft:gravel":173,"majruszsdifficulty:tattered_chestplate":1,"doggytalents:training_treat":1,"minecraft:crimson_fungus":5,"minecraft:blackstone":221,"tconstruct:tough_handle":2,"doggytalents:whistle":2,"minecraft:pointed_dripstone":6,"minecraft:diamond_shovel":2,"doggytalents:rice_wheat":3,"minecraft:carrot":63,"sophisticatedbackpacks:diamond_backpack":1,"alexsmobs:kangaroo_hide":1,"minecraft:poppy":1,"minecraft:leather_chestplate":1,"minecraft:gunpowder":42,"minecraft:beetroot_seeds":2,"minecraft:melon_seeds":6,"tconstruct:hammer_head":1,"minecraft:chainmail_boots":4,"minecraft:spruce_wood":2,"doggytalents:rice_grains":10,"minecraft:arrow":14,"minecraft:iron_bars":1,"minecraft:basalt":316,"minecraft:white_concrete_powder":1127,"minecraft:quartz":70,"minecraft:magenta_wool":1,"minecraft:splash_potion":2,"minecraft:netherrack":6390,"minecraft:water_bucket":4,"spartanshields:copper_basic_shield":3,"minecraft:poisonous_potato":1,"minecraft:lead":1,"stalwart_dungeons:iron_hammer":1,"minecraft:stick":18,"minecraft:torch":7,"minecraft:melon_slice":2,"minecraft:white_concrete":64,"minecraft:smooth_quartz":21,"tombstone:grave_dust":21,"minecraft:iron_leggings":2,"tombstone:dust_of_frost":1,"minecraft:iron_axe":3,"minecraft:bucket":5,"minecraft:music_disc_cat":2,"alexsmobs:maggot":3,"minecraft:coarse_dirt":3,"cataclysm:ignitium_ingot":3,"cfm:birch_kitchen_sink_light":1,"minecraft:tuff":59,"minecraft:raw_iron":5,"minecraft:light_gray_wool":2,"minecraft:red_terracotta":3,"minecraft:filled_map":1,"minecraft:gray_terracotta":2,"minecraft:shield":1,"minecraft:oak_button":4,"minecraft:iron_chestplate":1,"minecraft:andesite":39,"minecraft:mossy_stone_bricks":2,"tconstruct:earth_slime_sapling":2,"minecraft:oak_sapling":1,"minecraft:wooden_pickaxe":2,"tombstone:book_of_magic_impregnation":5,"minecraft:calcite":12},"minecraft:used":{"alexsmobs:emu_egg":2,"minecraft:moss_block":5,"cfm:acacia_hedge":1,"minecraft:spruce_slab":13,"minecraft:poppy":1,"minecraft:chest":40,"cfm:stripped_birch_upgraded_fence":73,"minecraft:stone":453,"minecraft:quartz_stairs":1,"minecraft:rotten_flesh":254,"minecraft:soul_sand":10,"tconstruct:sword":21,"tconstruct:sledge_hammer":3,"tconstruct:scorched_fuel_tank":3,"minecraft:acacia_sapling":1,"minecraft:lava_bucket":15,"minecraft:netherite_shovel":26,"minecraft:villager_spawn_egg":14,"majruszsdifficulty:wither_sword":11,"minecraft:grass_block":371,"minecraft:birch_sapling":32,"cfm:spruce_desk_cabinet":2,"tconstruct:seared_faucet":8,"tconstruct:tinkers_anvil":2,"spartanshields:netherite_basic_shield":12,"minecraft:bow":63,"minecraft:furnace":1,"minecraft:oak_sapling":17,"minecraft:potato":98,"minecraft:damaged_anvil":1,"cataclysm:ignis_spawn_egg":2,"cfm:spruce_cabinet":2,"minecraft:wooden_pickaxe":5,"minecraft:smooth_quartz_stairs":25,"netherskeletons:skelly_piglin_spawn_egg":8,"tconstruct:piglin_head":2,"minecraft:oak_leaves":2,"minecraft:golden_apple":34,"minecraft:glow_berries":7,"cfm:stripped_birch_blinds":2,"spartanshields:diamond_basic_shield":120,"tombstone:dust_of_vanishing":2,"minecraft:gray_concrete":261,"doggytalents:throw_stick":4,"minecraft:birch_fence":18,"majruszsdifficulty:wither_treasure_bag":1,"minecraft:birch_slab":6,"minecraft:zombie_head":2,"cfm:stripped_oak_coffee_table":3,"advancednetherite:netherite_gold_pickaxe":2,"minecraft:stone_button":5,"minecraft:lectern":65,"minecraft:red_terracotta":6,"minecraft:diamond_sword":1640,"minecraft:fire_charge":4,"minecraft:birch_log":7,"minecraft:gray_stained_glass":37,"minecraft:iron_bars":1,"cfm:stripped_birch_chair":6,"minecraft:stone_sword":261,"minecraft:armor_stand":15,"cfm:birch_mail_box":4,"minecraft:netherrack":433,"mcwroofs:gutter_middle_white":1,"minecraft:torch":468,"minecraft:orange_bed":6,"tconstruct:seared_drain":3,"minecraft:anvil":7,"cfm:trampoline":17,"minecraft:stone_stairs":5,"cfm:birch_kitchen_drawer":1,"tconstruct:seared_ladder":10,"tconstruct:seared_heater":3,"minecraft:shroomlight":10,"easy_piglins:barterer":2,"advancednetherite:netherite_iron_helmet":1,"minecraft:iron_axe":496,"minecraft:rooted_dirt":1,"infernalexp:ascus_bomb":1,"carryon:entity_item":3,"minecraft:smooth_quartz":14,"minecraft:totem_of_undying":3,"minecraft:barrel":5,"minecraft:melon_seeds":14,"tconstruct:scorched_basin":2,"cfm:fridge_light":7,"tombstone:gift":22,"tconstruct:scorched_road":185,"minecraft:cobbled_deepslate":1,"minecraft:acacia_planks":47,"minecraft:crimson_stem":4,"minecraft:wheat_seeds":91,"minecraft:water_bucket":165,"minecraft:birch_planks":1802,"minecraft:rabbit":1,"mcwbridges:birch_log_bridge_middle":7,"cfm:brown_cooler":1,"mcwroofs:gutter_middle_orange":1,"mcwroofs:white_concrete_roof":5,"minecraft:sheep_spawn_egg":2,"minecraft:cracked_stone_bricks":1,"minecraft:crafting_table":8,"minecraft:oak_slab":1,"minecraft:red_bed":4,"minecraft:white_bed":5,"advancednetherite:netherite_iron_axe":2,"minecraft:diamond_pickaxe":2756,"minecraft:diamond_shovel":1593,"cfm:white_sofa":1,"tconstruct:part_chest":3,"tconstruct:seared_table":6,"minecraft:iron_pickaxe":1502,"minecraft:pig_spawn_egg":4,"tombstone:magic_scroll":3,"minecraft:spruce_trapdoor":15,"advancednetherite:netherite_gold_sword":44,"minecraft:cobblestone":410,"tconstruct:seared_melter":8,"cfm:stripped_oak_bedside_cabinet":1,"minecraft:cooked_porkchop":48,"minecraft:glass_pane":12,"tconstruct:foundry_controller":9,"cfm:birch_blinds":80,"minecraft:candle":3,"advancednetherite:netherite_iron_pickaxe":15,"cfm:white_grill":3,"stalwart_dungeons:iron_hammer":104,"cfm:stripped_birch_table":8,"minecraft:red_sand":1,"minecraft:iron_shovel":1770,"cfm:black_grill":2,"tconstruct:scorched_glass":11,"minecraft:white_concrete_powder":160,"minecraft:shield":53,"minecraft:iron_sword":949,"tombstone:lollipop":32,"doggytalents:rice_grains":60,"tconstruct:seared_fuel_tank":4,"cfm:birch_kitchen_sink_light":1,"minecraft:birch_pressure_plate":12,"minecraft:nether_bricks":6,"minecraft:carrot":63,"minecraft:tuff":1,"minecraft:obsidian":12,"minecraft:milk_bucket":3,"minecraft:glass":494,"tombstone:decorative_grave_simple":2,"minecraft:cyan_terracotta":2,"minecraft:spruce_wood":3,"minecraft:lantern":37,"minecraft:blue_orchid":1,"minecraft:gray_concrete_powder":105,"minecraft:crimson_roots":3,"cfm:dark_oak_desk_cabinet":1,"minecraft:item_frame":5,"minecraft:birch_button":5,"carryon:tile_item":22,"minecraft:red_carpet":8,"minecraft:magma_block":3,"spartanshields:iron_basic_shield":75,"minecraft:hay_block":1,"minecraft:gray_bed":2,"doggytalents:dog_bed":9,"tconstruct:smeltery_controller":4,"mcwbridges:birch_log_bridge_stair":82,"tconstruct:scorched_chute":1,"minecraft:dark_oak_stairs":1,"alexsmobs:raw_catfish":8,"tconstruct:seared_bricks_stairs":12,"minecraft:wither_skeleton_skull":6,"alexsmobs:spawn_egg_warped_toad":1,"minecraft:stone_pickaxe":134,"minecraft:oak_planks":1,"tombstone:decorative_grave_cross":1,"minecraft:sugar_cane":9,"minecraft:diamond_axe":194,"cfm:birch_bedside_cabinet":3,"minecraft:white_wool":10,"minecraft:black_banner":11,"minecraft:crossbow":47,"minecraft:black_bed":9,"tconstruct:scorched_table":4,"minecraft:black_terracotta":4,"minecraft:lever":4,"minecraft:light_gray_concrete":4,"minecraft:melon_slice":108,"minecraft:bread":166,"minecraft:string":3,"minecraft:brown_wool":1,"tombstone:grave_key":31,"minecraft:gravel":3,"cfm:birch_desk_cabinet":2,"minecraft:iron_door":2,"cfm:stone_table":5,"tombstone:familiar_stone":2,"minecraft:andesite":138,"minecraft:coarse_dirt":3,"minecraft:grindstone":3,"tconstruct:crafting_station":3,"minecraft:bone_meal":6,"minecraft:white_concrete":1716,"minecraft:experience_bottle":162,"tconstruct:longbow":52,"minecraft:netherite_sword":107,"advancednetherite:netherite_iron_shovel":2,"doggytalents:rice_mill":1,"minecraft:flint_and_steel":1,"tconstruct:scorched_drain":1,"minecraft:spruce_planks":11,"spartanshields:obsidian_basic_shield":56,"minecraft:cooked_chicken":1,"minecraft:oak_door":5,"minecraft:dirt":2703,"cfm:stripped_birch_desk":5,"minecraft:hopper":4,"minecraft:spruce_stairs":6,"tconstruct:seared_bricks":275,"minecraft:spruce_fence":1,"minecraft:birch_door":2,"minecraft:iron_hoe":25,"cfm:black_sofa":8,"cataclysm:ignited_revenant_spawn_egg":5,"minecraft:bookshelf":14,"tconstruct:tinker_station":8,"cfm:birch_park_bench":7,"minecraft:golden_carrot":139,"spartanshields:copper_basic_shield":57,"minecraft:wolf_spawn_egg":3,"cfm:stripped_birch_bedside_cabinet":3,"minecraft:drowned_spawn_egg":22,"minecraft:netherite_pickaxe":602,"minecraft:cooked_beef":55,"tconstruct:part_builder":7,"minecraft:enchanted_golden_apple":39,"minecraft:cooked_mutton":15,"minecraft:cobblestone_stairs":2,"minecraft:polished_andesite":12,"minecraft:baked_potato":32,"alexsmobs:spawn_egg_toucan":2,"minecraft:cobblestone_slab":1,"minecraft:glow_item_frame":3,"cfm:cyan_cooler":2,"minecraft:spider_eye":1,"tconstruct:seared_basin":16,"cataclysm:bulwark_of_the_flame":11,"tconstruct:seared_chute":2,"minecraft:painting":10,"majruszsdifficulty:cerberus_spawn_egg":1,"advancednetherite:netherite_iron_sword":60,"tombstone:bag_of_seeds":12,"minecraft:flower_pot":1,"minecraft:apple":6,"minecraft:map":1,"minecraft:netherite_axe":84,"minecraft:stone_slab":38,"minecraft:stone_axe":94,"minecraft:fishing_rod":2,"tombstone:ankh_of_prayer":4,"minecraft:white_banner":3,"minecraft:bucket":189,"tconstruct:cleaver":82,"alexsmobs:animal_dictionary":11,"cfm:birch_crate":3,"tconstruct:seared_glass":24,"minecraft:birch_stairs":123},"minecraft:killed":{"minecraft:cave_spider":74,"tconstruct:sky_slime":82,"infernalexp:embody":3,"minecraft:skeleton":126,"minecraft:chicken":2,"majruszsdifficulty:creeperling":7,"alexsmobs:centipede_head":1,"minecraft:skeleton_horse":4,"doggytalents:dog":1,"minecraft:magma_cube":28,"majruszsdifficulty:tank":1,"minecraft:pillager":24,"minecraft:zombie":214,"minecraft:glow_squid":1,"infernalexp:shroomloin":10,"minecraft:cow":1,"minecraft:evoker":4,"minecraft:vindicator":23,"stalwart_dungeons:nether_wart_cocoon":1,"alexsmobs:rocky_roller":1,"minecraft:husk":15,"majruszsdifficulty:cursed_armor":6,"alexsmobs:catfish":5,"infernalexp:voline":5,"netherskeletons:crimson_skeleton":16,"cataclysm:ignis":3,"alexsmobs:hummingbird":1,"minecraft:zombified_piglin":3,"minecraft:witch":1,"minecraft:spider":55,"minecraft:illusioner":7,"minecraft:piglin_brute":2,"alexsmobs:kangaroo":1,"minecraft:piglin":15,"minecraft:pig":28,"minecraft:zombie_villager":6,"minecraft:creeper":11,"alexsmobs:crimson_mosquito":36,"alexsmobs:warped_toad":2,"minecraft:sheep":16,"minecraft:ghast":1,"minecraft:stray":12,"alexsmobs:fly":6,"minecraft:blaze":11,"cataclysm:ignited_revenant":5,"savage_and_ravage:skeleton_villager":1,"minecraft:vex":11,"minecraft:slime":5,"minecraft:phantom":10,"alexsmobs:bison":1,"minecraft:drowned":19,"minecraft:bat":1,"minecraft:hoglin":15,"alexsmobs:emu":1,"alexsmobs:gazelle":2,"minecraft:wither_skeleton":37,"minecraft:villager":10},"minecraft:picked_up":{"minecraft:iron_chestplate":5,"minecraft:chainmail_boots":4,"minecraft:flower_pot":2,"minecraft:anvil":2,"doggytalents:koji":4,"minecraft:magenta_carpet":12,"minecraft:lead":1,"minecraft:diamond_sword":19,"minecraft:wither_rose":1,"minecraft:enchanted_book":19,"minecraft:golden_sword":1,"minecraft:music_disc_cat":3,"minecraft:string":423,"tconstruct:smeltery_controller":3,"minecraft:soul_soil":17,"doggytalents:throw_stick":5,"minecraft:shroomlight":1,"alexsmobs:emu_feather":2,"minecraft:gold_nugget":216,"minecraft:cobbled_deepslate":206,"minecraft:spruce_planks":12,"infernalexp:soul_salt_clump":8,"minecraft:melon_slice":174,"minecraft:polished_blackstone_stairs":1,"doggytalents:whistle":3,"minecraft:acacia_log":26,"tconstruct:seared_faucet":6,"minecraft:golden_chestplate":3,"minecraft:orange_bed":10,"tconstruct:sky_slime_crystal":4,"minecraft:stone_sword":2,"tconstruct:earth_slime_crystal_block":21,"minecraft:cyan_terracotta":5,"tombstone:scroll_of_aquatic_life":1,"minecraft:bookshelf":12,"minecraft:end_rod":3,"minecraft:blaze_rod":6,"minecraft:iron_bars":2,"minecraft:birch_log":236,"minecraft:magma_block":10,"minecraft:feather":5,"minecraft:iron_door":2,"minecraft:birch_slab":8,"minecraft:water_bucket":2,"minecraft:brown_wool":3,"minecraft:acacia_leaves":3,"minecraft:copper_block":1,"alexsmobs:bison_fur":4,"tconstruct:pick_head":1,"minecraft:flint":155,"minecraft:gray_concrete":220,"tombstone:familiar_receptacle":1,"minecraft:gray_concrete_powder":1,"minecraft:purple_carpet":18,"minecraft:gray_terracotta":2,"tconstruct:seared_table":3,"minecraft:rabbit":1,"minecraft:glowstone_dust":7,"minecraft:moss_block":5,"tconstruct:sky_slime_sapling":4,"tconstruct:hammer_head":2,"minecraft:ink_sac":4,"minecraft:dark_oak_log":5,"minecraft:red_terracotta":9,"minecraft:bundle":20,"minecraft:polished_andesite":12,"spartanshields:copper_basic_shield":3,"minecraft:lever":3,"minecraft:chainmail_helmet":2,"minecraft:bread":64,"alexsmobs:maggot":5,"minecraft:rooted_dirt":1,"minecraft:crimson_roots":15,"minecraft:diamond_pickaxe":3,"minecraft:crafting_table":5,"minecraft:coarse_dirt":8,"minecraft:leather_leggings":1,"minecraft:nether_wart":3,"minecraft:clay_ball":376,"tconstruct:tinkers_anvil":1,"minecraft:cornflower":20,"doggytalents:rice_mill":2,"minecraft:iron_shovel":1,"minecraft:cracked_stone_bricks":1,"minecraft:beef":2,"minecraft:poppy":2,"minecraft:spruce_slab":2,"minecraft:chest":10,"minecraft:birch_sapling":26,"minecraft:piston":12,"minecraft:egg":2,"minecraft:copper_ore":2,"minecraft:oak_door":1,"tconstruct:pickaxe":1,"sophisticatedbackpacks:backpack":2,"minecraft:spruce_fence":3,"tconstruct:sky_slime_dirt":52,"minecraft:carrot":197,"minecraft:redstone":178,"tconstruct:sky_slime_ball":221,"minecraft:diamond_boots":1,"minecraft:hay_block":26,"minecraft:gold_ingot":1,"tombstone:essence_of_undeath":1,"minecraft:totem_of_undying":4,"sophisticatedbackpacks:copper_backpack":2,"tconstruct:part_chest":1,"tconstruct:earth_slime_sapling":3,"minecraft:mutton":50,"minecraft:white_wool":22,"minecraft:tripwire_hook":2,"minecraft:filled_map":2,"majruszsdifficulty:tattered_helmet":3,"minecraft:acacia_wood":2,"doggytalents:rice_grains":61,"majruszsdifficulty:cloth":175,"tconstruct:seared_fuel_tank":3,"minecraft:oak_log":70,"minecraft:ancient_debris":21,"tconstruct:tool_handle":2,"minecraft:golden_boots":2,"cfm:stripped_birch_chair":1,"alexsmobs:mosquito_proboscis":2,"minecraft:paper":2,"minecraft:white_banner":4,"tconstruct:seared_brick":28,"minecraft:birch_pressure_plate":4,"minecraft:apple":9,"tconstruct:seared_heater":4,"minecraft:stone_bricks":2,"majruszsdifficulty:tattered_leggings":4,"tombstone:bag_of_seeds":15,"minecraft:glass_bottle":2,"cfm:stripped_birch_upgraded_fence":1,"minecraft:iron_sword":3,"minecraft:dark_oak_stairs":2,"minecraft:gravel":1187,"minecraft:birch_stairs":12,"tombstone:decorative_grave_simple":1,"minecraft:spruce_sapling":1,"minecraft:leather_helmet":2,"infernalexp:shroomlight_fungus":1,"minecraft:diamond_shovel":3,"minecraft:slime_ball":45,"minecraft:gray_wool":3,"tconstruct:seared_melter":6,"minecraft:baked_potato":2,"minecraft:melon_seeds":4,"minecraft:hopper":1,"tconstruct:seared_drain":2,"cataclysm:void_scatter_arrow":1,"minecraft:wheat":88,"minecraft:black_carpet":3,"minecraft:nether_brick_fence":8,"alexsmobs:gazelle_horn":2,"minecraft:raw_copper":116,"minecraft:smooth_stone_slab":15,"minecraft:iron_leggings":5,"minecraft:sticky_piston":5,"minecraft:zombie_head":2,"alexsmobs:blood_sac":26,"minecraft:red_sand":3,"minecraft:bucket":2,"minecraft:redstone_torch":4,"minecraft:cobblestone_slab":1,"tconstruct:broad_blade":3,"minecraft:calcite":32,"infernalexp:crimson_fungus_cap":1,"minecraft:smooth_quartz":69,"minecraft:iron_pickaxe":1,"minecraft:iron_boots":6,"minecraft:tipped_arrow":8,"minecraft:stick":29,"minecraft:torch":156,"minecraft:spruce_stairs":4,"tconstruct:tough_handle":5,"minecraft:porkchop":59,"cataclysm:burning_ashes":3,"minecraft:pointed_dripstone":6,"tombstone:grave_dust":151,"infernalexp:raw_hogchop":6,"tombstone:lollipop":35,"minecraft:rotten_flesh":370,"alexsmobs:emu_egg":4,"sophisticatedbackpacks:advanced_tool_swapper_upgrade":1,"minecraft:obsidian":22,"minecraft:cod":1,"minecraft:cobblestone":2857,"minecraft:crimson_hyphae":13,"tconstruct:seared_bricks":91,"minecraft:leather_chestplate":3,"minecraft:magma_cream":8,"minecraft:andesite":263,"minecraft:black_bed":1,"minecraft:golden_leggings":1,"minecraft:chiseled_quartz_block":4,"minecraft:potato":215,"mcwbridges:birch_log_bridge_stair":9,"minecraft:tuff":46,"minecraft:wither_skeleton_skull":6,"alexsmobs:rocky_shell":1,"tconstruct:seared_bricks_stairs":10,"minecraft:lapis_lazuli":181,"minecraft:dirt":1847,"minecraft:stripped_birch_log":3,"minecraft:leather_boots":2,"minecraft:glass":17,"minecraft:bone":282,"minecraft:acacia_planks":64,"minecraft:bow":18,"minecraft:wheat_seeds":393,"stalwart_dungeons:iron_hammer":1,"minecraft:raw_gold":55,"minecraft:birch_wood":3,"tombstone:scroll_of_reach":1,"minecraft:oak_planks":35,"doggytalents:breeding_bone":1,"minecraft:ghast_tear":2,"tconstruct:necrotic_bone":93,"minecraft:black_terracotta":4,"minecraft:cooked_porkchop":1,"minecraft:music_disc_13":2,"minecraft:gray_stained_glass":6,"minecraft:sand":861,"minecraft:light_gray_concrete":4,"minecraft:sugar":15,"tombstone:familiar_stone":6,"minecraft:diamond":69,"tconstruct:seared_basin":11,"minecraft:crossbow":3,"minecraft:bone_meal":31,"minecraft:golden_apple":1,"tconstruct:piglin_head":2,"minecraft:white_concrete":434,"infernalexp:moth_dust":3,"minecraft:emerald":478,"minecraft:oak_sapling":30,"minecraft:netherrack":7334,"majruszsdifficulty:tattered_boots":3,"minecraft:cocoa_beans":3,"tconstruct:crafting_station":1,"minecraft:allium":5,"minecraft:splash_potion":4,"minecraft:chicken":1,"minecraft:brown_mushroom":1,"minecraft:wooden_pickaxe":1,"tconstruct:skyroot_log":32,"tconstruct:sword":1,"doggytalents:rice_wheat":69,"tconstruct:earth_slime_crystal":12,"doggytalents:dog_bed":5,"minecraft:stone_stairs":4,"minecraft:iron_axe":5,"tconstruct:seared_glass":13,"minecraft:cyan_carpet":28,"minecraft:blackstone":211,"minecraft:blue_orchid":1,"minecraft:candle":4,"spartanshields:obsidian_basic_shield":1,"minecraft:player_head":1,"minecraft:lectern":49,"minecraft:sugar_cane":17,"minecraft:phantom_membrane":7,"doggytalents:throw_stick_wet":2,"minecraft:raw_iron":203,"tconstruct:raw_cobalt":53,"minecraft:copper_ingot":2,"minecraft:bowl":1,"minecraft:gray_dye":21,"tconstruct:earth_slime_grass_seeds":1,"minecraft:stone_button":1,"minecraft:arrow":250,"minecraft:weeping_vines":1,"minecraft:nether_bricks":30,"tconstruct:tinker_station":6,"minecraft:saddle":5,"minecraft:black_banner":2,"minecraft:basalt":316,"minecraft:golden_carrot":75,"minecraft:glow_ink_sac":49,"minecraft:crimson_stem":4,"tconstruct:part_builder":5,"cataclysm:ignitium_ingot":16,"minecraft:leather":18,"minecraft:music_disc_stal":4,"minecraft:birch_planks":211,"tconstruct:seared_chute":1,"minecraft:crimson_fungus":12,"savage_and_ravage:creeper_spores":6,"minecraft:gunpowder":59,"minecraft:cobblestone_stairs":74,"tombstone:decorative_grave_cross":1,"minecraft:cooked_mutton":1,"tconstruct:sky_slime_sling":1,"minecraft:red_carpet":2,"tconstruct:sledge_hammer":2,"minecraft:spruce_wood":5,"minecraft:iron_ingot":45,"infernalexp:ascus_bomb":1,"minecraft:acacia_sapling":2,"minecraft:soul_sand":21,"minecraft:book":352,"minecraft:oak_slab":1,"minecraft:pumpkin":21,"minecraft:quartz":226,"minecraft:amethyst_shard":16,"tombstone:book_of_magic_impregnation":1,"tconstruct:large_plate":4,"minecraft:spider_eye":58,"alexsmobs:raw_catfish":9,"minecraft:pumpkin_seeds":2,"minecraft:white_concrete_powder":321,"minecraft:chainmail_leggings":4,"minecraft:iron_helmet":2,"cfm:black_sofa":3,"cataclysm:the_incinerator":1,"minecraft:terracotta":2,"tconstruct:pattern":3,"tombstone:magic_scroll":25,"minecraft:damaged_anvil":1,"minecraft:black_wool":1,"majruszsdifficulty:tattered_chestplate":1,"minecraft:coal":362}},"DataVersion":2975}