{"stats":{"minecraft:custom":{"minecraft:interact_with_crafting_table":187,"minecraft:open_barrel":14,"goblintraders:trade_with_goblin":40,"minecraft:bell_ring":9,"minecraft:leave_game":46,"minecraft:time_since_death":1232720,"minecraft:damage_blocked_by_shield":10056,"tombstone:eaten_lollipop":31,"minecraft:play_time":3004974,"minecraft:deaths":84,"minecraft:jump":27394,"minecraft:enchant_item":3,"minecraft:interact_with_furnace":156,"minecraft:traded_with_villager":12,"minecraft:interact_with_cartography_table":1,"minecraft:sleep_in_bed":32,"tombstone:sneak_grave":8,"minecraft:damage_dealt":140848,"tombstone:undead_killed":340,"minecraft:interact_with_smoker":52,"minecraft:inspect_dispenser":1,"minecraft:horse_one_cm":1513137,"minecraft:interact_with_anvil":31,"minecraft:inspect_hopper":3,"minecraft:damage_dealt_absorbed":191,"minecraft:sneak_time":157018,"minecraft:interact_with_blast_furnace":207,"minecraft:total_world_time":3004974,"tombstone:raider_killed":43,"minecraft:tune_noteblock":47,"tombstone:pray_on_grave":1,"minecraft:time_since_rest":347324,"minecraft:swim_one_cm":329201,"minecraft:fly_one_cm":9255464,"minecraft:open_chest":1616,"minecraft:fall_one_cm":456824,"minecraft:damage_resisted":73,"minecraft:sprint_one_cm":5332158,"minecraft:drop":490,"minecraft:talked_to_villager":28,"minecraft:interact_with_brewingstand":1,"minecraft:walk_on_water_one_cm":413956,"minecraft:player_kills":3,"minecraft:crouch_one_cm":506987,"tombstone:villager_killed":10,"minecraft:mob_kills":736,"tombstone:use_vanishing":5,"minecraft:damage_dealt_resisted":9310,"minecraft:climb_one_cm":78291,"minecraft:walk_one_cm":6861918,"tombstone:consume_soul":1,"minecraft:walk_under_water_one_cm":230638,"spartanshields:shield_bash_hits":68,"minecraft:pot_flower":1,"minecraft:interact_with_grindstone":3,"tombstone:free_soul":1,"minecraft:damage_taken":44049,"minecraft:damage_absorbed":196},"minecraft:used":{"alexsmobs:emu_egg":2,"minecraft:moss_block":5,"cfm:acacia_hedge":1,"minecraft:spruce_slab":11,"minecraft:poppy":1,"minecraft:chest":39,"cfm:stripped_birch_upgraded_fence":73,"minecraft:stone":447,"minecraft:quartz_stairs":1,"minecraft:rotten_flesh":252,"tconstruct:sword":21,"tconstruct:sledge_hammer":1,"minecraft:acacia_sapling":1,"minecraft:lava_bucket":5,"minecraft:villager_spawn_egg":14,"minecraft:grass_block":353,"minecraft:birch_sapling":32,"cfm:spruce_desk_cabinet":2,"tconstruct:seared_faucet":8,"tconstruct:tinkers_anvil":2,"minecraft:bow":4,"minecraft:furnace":1,"minecraft:oak_sapling":17,"minecraft:potato":61,"cfm:spruce_cabinet":2,"minecraft:wooden_pickaxe":5,"minecraft:smooth_quartz_stairs":25,"minecraft:oak_leaves":2,"minecraft:golden_apple":5,"minecraft:glow_berries":7,"cfm:stripped_birch_blinds":2,"spartanshields:diamond_basic_shield":27,"tombstone:dust_of_vanishing":2,"minecraft:gray_concrete":260,"doggytalents:throw_stick":4,"minecraft:birch_fence":18,"minecraft:birch_slab":4,"cfm:stripped_oak_coffee_table":3,"minecraft:stone_button":4,"minecraft:lectern":16,"minecraft:diamond_sword":1169,"minecraft:fire_charge":4,"minecraft:birch_log":7,"minecraft:gray_stained_glass":37,"cfm:stripped_birch_chair":6,"minecraft:stone_sword":261,"minecraft:armor_stand":15,"cfm:birch_mail_box":4,"minecraft:netherrack":138,"mcwroofs:gutter_middle_white":1,"minecraft:torch":425,"minecraft:orange_bed":6,"tconstruct:seared_drain":3,"cfm:trampoline":17,"minecraft:stone_stairs":5,"cfm:birch_kitchen_drawer":1,"tconstruct:seared_ladder":10,"tconstruct:seared_heater":3,"easy_piglins:barterer":1,"minecraft:iron_axe":496,"minecraft:rooted_dirt":1,"carryon:entity_item":1,"minecraft:smooth_quartz":14,"minecraft:barrel":5,"minecraft:melon_seeds":12,"cfm:fridge_light":7,"tombstone:gift":10,"minecraft:cobbled_deepslate":1,"minecraft:acacia_planks":47,"minecraft:crimson_stem":4,"minecraft:wheat_seeds":65,"minecraft:water_bucket":163,"minecraft:birch_planks":1798,"mcwbridges:birch_log_bridge_middle":7,"cfm:brown_cooler":1,"mcwroofs:gutter_middle_orange":1,"mcwroofs:white_concrete_roof":5,"minecraft:sheep_spawn_egg":2,"minecraft:cracked_stone_bricks":1,"minecraft:crafting_table":8,"minecraft:oak_slab":1,"minecraft:red_bed":4,"minecraft:white_bed":5,"minecraft:diamond_pickaxe":2414,"minecraft:diamond_shovel":1566,"cfm:white_sofa":1,"tconstruct:seared_table":6,"minecraft:pig_spawn_egg":4,"tconstruct:part_chest":3,"minecraft:iron_pickaxe":1502,"tombstone:magic_scroll":3,"minecraft:spruce_trapdoor":15,"minecraft:cobblestone":405,"tconstruct:seared_melter":8,"cfm:stripped_oak_bedside_cabinet":1,"minecraft:cooked_porkchop":48,"minecraft:glass_pane":12,"cfm:birch_blinds":80,"cfm:white_grill":3,"stalwart_dungeons:iron_hammer":104,"cfm:stripped_birch_table":8,"minecraft:iron_shovel":1770,"cfm:black_grill":2,"minecraft:white_concrete_powder":160,"minecraft:shield":53,"minecraft:iron_sword":949,"tombstone:lollipop":31,"doggytalents:rice_grains":60,"tconstruct:seared_fuel_tank":4,"cfm:birch_kitchen_sink_light":1,"minecraft:birch_pressure_plate":12,"minecraft:nether_bricks":6,"minecraft:carrot":26,"minecraft:tuff":1,"minecraft:obsidian":12,"minecraft:milk_bucket":3,"minecraft:glass":494,"tombstone:decorative_grave_simple":1,"minecraft:lantern":37,"minecraft:blue_orchid":1,"minecraft:gray_concrete_powder":105,"cfm:dark_oak_desk_cabinet":1,"minecraft:item_frame":5,"minecraft:birch_button":5,"carryon:tile_item":22,"minecraft:red_carpet":8,"minecraft:magma_block":2,"spartanshields:iron_basic_shield":75,"minecraft:hay_block":1,"minecraft:gray_bed":2,"doggytalents:dog_bed":7,"tconstruct:smeltery_controller":4,"mcwbridges:birch_log_bridge_stair":82,"minecraft:dark_oak_stairs":1,"alexsmobs:raw_catfish":8,"tconstruct:seared_bricks_stairs":12,"minecraft:wither_skeleton_skull":1,"alexsmobs:spawn_egg_warped_toad":1,"minecraft:stone_pickaxe":134,"minecraft:oak_planks":1,"tombstone:decorative_grave_cross":1,"minecraft:sugar_cane":9,"minecraft:diamond_axe":144,"cfm:birch_bedside_cabinet":3,"minecraft:white_wool":10,"minecraft:black_banner":11,"minecraft:crossbow":47,"minecraft:black_bed":6,"minecraft:lever":3,"minecraft:light_gray_concrete":4,"minecraft:melon_slice":102,"minecraft:bread":166,"minecraft:string":3,"minecraft:brown_wool":1,"tombstone:grave_key":27,"minecraft:gravel":3,"minecraft:iron_door":2,"cfm:birch_desk_cabinet":2,"cfm:stone_table":5,"tombstone:familiar_stone":2,"minecraft:grindstone":3,"minecraft:andesite":138,"tconstruct:crafting_station":3,"minecraft:coarse_dirt":3,"minecraft:white_concrete":1713,"minecraft:bone_meal":6,"minecraft:experience_bottle":59,"tconstruct:longbow":37,"doggytalents:rice_mill":1,"minecraft:flint_and_steel":1,"minecraft:spruce_planks":11,"spartanshields:obsidian_basic_shield":56,"minecraft:cooked_chicken":1,"minecraft:oak_door":5,"minecraft:dirt":2702,"cfm:stripped_birch_desk":5,"minecraft:hopper":3,"minecraft:spruce_stairs":5,"tconstruct:seared_bricks":275,"minecraft:spruce_fence":1,"minecraft:birch_door":2,"minecraft:iron_hoe":25,"cfm:black_sofa":6,"minecraft:bookshelf":14,"tconstruct:tinker_station":8,"cfm:birch_park_bench":7,"minecraft:golden_carrot":44,"spartanshields:copper_basic_shield":57,"minecraft:wolf_spawn_egg":1,"cfm:stripped_birch_bedside_cabinet":3,"minecraft:cooked_beef":2,"tconstruct:part_builder":7,"minecraft:cooked_mutton":15,"minecraft:cobblestone_stairs":2,"minecraft:baked_potato":25,"minecraft:cobblestone_slab":1,"minecraft:glow_item_frame":3,"cfm:cyan_cooler":2,"minecraft:spider_eye":1,"tconstruct:seared_basin":16,"tconstruct:seared_chute":2,"minecraft:painting":10,"tombstone:bag_of_seeds":12,"minecraft:flower_pot":1,"minecraft:apple":4,"minecraft:map":1,"minecraft:stone_slab":38,"minecraft:stone_axe":94,"tombstone:ankh_of_prayer":4,"minecraft:white_banner":3,"minecraft:bucket":177,"alexsmobs:animal_dictionary":11,"cfm:birch_crate":3,"tconstruct:seared_glass":24,"minecraft:birch_stairs":123},"minecraft:killed_by":{"minecraft:vindicator":18,"minecraft:zombie":9,"minecraft:stray":1,"alexsmobs:kangaroo":1,"minecraft:evoker":2,"minecraft:wither_skeleton":13,"minecraft:creeper":6,"minecraft:cave_spider":2,"minecraft:illusioner":2,"minecraft:player":4,"minecraft:spider":3,"minecraft:skeleton":20},"minecraft:crafted":{"doggytalents:whistle":1,"minecraft:birch_slab":6,"tconstruct:broad_blade":1,"tconstruct:pick_head":1,"minecraft:lever":2,"minecraft:diamond_shovel":2,"minecraft:nether_brick":4,"tconstruct:seared_melter":1,"minecraft:glass":87,"minecraft:diamond_helmet":1,"minecraft:diamond_leggings":1,"easy_piglins:barterer":1,"tconstruct:seared_glass":9,"minecraft:gray_stained_glass":16,"tconstruct:tough_handle":3,"minecraft:cooked_porkchop":65,"tconstruct:tool_handle":5,"minecraft:copper_ingot":60,"tconstruct:sword":1,"minecraft:iron_pickaxe":5,"minecraft:gold_ingot":25,"spartanshields:wooden_basic_shield":7,"cfm:stripped_birch_table":4,"tconstruct:large_plate":4,"tconstruct:bow_limb":1,"tconstruct:seared_chute":1,"tconstruct:part_builder":2,"minecraft:iron_nugget":11,"tconstruct:seared_basin":1,"minecraft:bone_meal":207,"spartanshields:copper_basic_shield":2,"tconstruct:tinker_station":1,"minecraft:stone_pickaxe":1,"mcwbridges:birch_log_bridge_stair":6,"tconstruct:part_chest":2,"minecraft:gray_concrete_powder":104,"tconstruct:hammer_head":2,"tconstruct:seared_heater":2,"tconstruct:seared_ladder":4,"minecraft:iron_shovel":6,"minecraft:iron_leggings":2,"doggytalents:rice_grains":39,"tconstruct:longbow":6,"tconstruct:grout":712,"minecraft:oak_planks":256,"minecraft:cobblestone_slab":6,"minecraft:cooked_chicken":1,"tconstruct:tool_binding":1,"spartanshields:iron_basic_shield":2,"minecraft:hopper":2,"minecraft:iron_boots":2,"tconstruct:seared_brick":684,"minecraft:chest":23,"tconstruct:seared_fuel_tank":1,"minecraft:oak_button":4,"stalwart_dungeons:iron_hammer":1,"minecraft:oak_fence":6,"minecraft:golden_boots":1,"tconstruct:small_blade":1,"sophisticatedbackpacks:backpack":1,"minecraft:crafting_table":6,"minecraft:baked_potato":32,"minecraft:iron_helmet":4,"minecraft:wooden_pickaxe":1,"minecraft:birch_pressure_plate":4,"tconstruct:sky_slime_sling":4,"minecraft:gold_block":1,"minecraft:birch_planks":828,"tconstruct:sky_slime_crystal":4,"minecraft:iron_chestplate":1,"minecraft:diamond_pickaxe":2,"minecraft:shield":2,"minecraft:birch_fence":15,"minecraft:stick":108,"minecraft:iron_ingot":168,"minecraft:stone_sword":2,"tconstruct:seared_bricks":147,"tconstruct:pattern":33,"tconstruct:pickaxe":1,"minecraft:furnace":1,"minecraft:gray_dye":36,"spartanshields:diamond_basic_shield":1,"minecraft:glass_pane":16,"minecraft:flint_and_steel":1,"tconstruct:seared_bricks_stairs":4,"minecraft:white_concrete_powder":1256,"minecraft:iron_axe":2,"tconstruct:seared_table":1,"mcwbridges:birch_log_bridge_middle":8,"minecraft:cooked_beef":2,"tconstruct:bow_grip":1,"tconstruct:excavator":2,"minecraft:iron_sword":2,"minecraft:nether_bricks":1,"minecraft:bowl":4,"minecraft:bucket":4,"spartanshields:obsidian_basic_shield":2,"minecraft:stone_axe":1,"tconstruct:seared_drain":1,"tconstruct:sky_congealed_slime":4,"minecraft:bread":17,"minecraft:air":0,"cfm:birch_kitchen_sink_light":2,"tconstruct:seared_ingot_gauge":1,"minecraft:white_dye":192,"tconstruct:crafting_station":2,"tconstruct:seared_faucet":3,"minecraft:acacia_planks":100,"minecraft:torch":40,"minecraft:clay":94,"minecraft:diamond_chestplate":1,"tconstruct:sledge_hammer":3},"minecraft:killed":{"minecraft:cave_spider":61,"tconstruct:sky_slime":73,"minecraft:skeleton":98,"minecraft:chicken":2,"majruszsdifficulty:creeperling":5,"alexsmobs:centipede_head":1,"minecraft:skeleton_horse":3,"doggytalents:dog":1,"minecraft:magma_cube":15,"majruszsdifficulty:tank":1,"minecraft:pillager":16,"minecraft:zombie":165,"minecraft:glow_squid":1,"infernalexp:shroomloin":2,"minecraft:cow":1,"minecraft:evoker":1,"minecraft:vindicator":12,"alexsmobs:rocky_roller":1,"minecraft:husk":6,"majruszsdifficulty:cursed_armor":4,"alexsmobs:catfish":5,"infernalexp:voline":3,"netherskeletons:crimson_skeleton":7,"alexsmobs:hummingbird":1,"minecraft:zombified_piglin":3,"minecraft:witch":1,"minecraft:spider":52,"minecraft:illusioner":3,"alexsmobs:kangaroo":1,"minecraft:piglin":4,"minecraft:pig":28,"minecraft:zombie_villager":6,"minecraft:creeper":11,"alexsmobs:crimson_mosquito":23,"alexsmobs:warped_toad":1,"minecraft:sheep":16,"minecraft:stray":3,"alexsmobs:fly":6,"minecraft:blaze":8,"savage_and_ravage:skeleton_villager":1,"minecraft:vex":5,"minecraft:slime":5,"minecraft:phantom":10,"minecraft:bat":1,"minecraft:hoglin":5,"alexsmobs:emu":1,"alexsmobs:gazelle":2,"minecraft:wither_skeleton":37,"minecraft:villager":10},"minecraft:picked_up":{"minecraft:iron_chestplate":3,"minecraft:chainmail_boots":4,"minecraft:flower_pot":1,"doggytalents:koji":4,"minecraft:magenta_carpet":12,"minecraft:lead":1,"minecraft:diamond_sword":17,"minecraft:enchanted_book":18,"minecraft:golden_sword":1,"minecraft:music_disc_cat":3,"minecraft:string":377,"tconstruct:smeltery_controller":3,"doggytalents:throw_stick":5,"alexsmobs:emu_feather":2,"minecraft:gold_nugget":102,"minecraft:cobbled_deepslate":206,"minecraft:spruce_planks":11,"minecraft:melon_slice":108,"doggytalents:whistle":3,"minecraft:acacia_log":26,"tconstruct:seared_faucet":6,"minecraft:orange_bed":10,"tconstruct:sky_slime_crystal":4,"minecraft:stone_sword":2,"tconstruct:earth_slime_crystal_block":21,"tombstone:scroll_of_aquatic_life":1,"minecraft:bookshelf":12,"minecraft:end_rod":3,"minecraft:blaze_rod":4,"minecraft:birch_log":236,"minecraft:magma_block":7,"minecraft:feather":5,"minecraft:iron_door":2,"minecraft:birch_slab":6,"minecraft:water_bucket":2,"minecraft:brown_wool":3,"minecraft:acacia_leaves":3,"minecraft:copper_block":1,"alexsmobs:bison_fur":4,"tconstruct:pick_head":1,"minecraft:flint":140,"minecraft:gray_concrete":219,"tombstone:familiar_receptacle":1,"minecraft:gray_concrete_powder":1,"minecraft:purple_carpet":18,"tconstruct:seared_table":3,"minecraft:glowstone_dust":7,"minecraft:moss_block":5,"tconstruct:sky_slime_sapling":4,"tconstruct:hammer_head":2,"minecraft:ink_sac":4,"minecraft:dark_oak_log":5,"minecraft:bundle":17,"spartanshields:copper_basic_shield":3,"minecraft:lever":2,"minecraft:chainmail_helmet":2,"minecraft:bread":64,"alexsmobs:maggot":5,"minecraft:rooted_dirt":1,"minecraft:crimson_roots":6,"minecraft:diamond_pickaxe":2,"minecraft:crafting_table":5,"minecraft:coarse_dirt":6,"minecraft:nether_wart":1,"minecraft:clay_ball":376,"tconstruct:tinkers_anvil":1,"minecraft:cornflower":20,"doggytalents:rice_mill":2,"minecraft:iron_shovel":1,"minecraft:cracked_stone_bricks":1,"minecraft:beef":2,"minecraft:poppy":2,"minecraft:spruce_slab":2,"minecraft:chest":10,"minecraft:birch_sapling":26,"minecraft:piston":12,"minecraft:egg":2,"minecraft:copper_ore":2,"minecraft:oak_door":1,"tconstruct:pickaxe":1,"sophisticatedbackpacks:backpack":2,"minecraft:spruce_fence":3,"tconstruct:sky_slime_dirt":52,"minecraft:carrot":99,"minecraft:redstone":178,"tconstruct:sky_slime_ball":208,"minecraft:diamond_boots":1,"minecraft:hay_block":26,"tombstone:essence_of_undeath":1,"minecraft:totem_of_undying":2,"sophisticatedbackpacks:copper_backpack":2,"tconstruct:part_chest":1,"tconstruct:earth_slime_sapling":3,"minecraft:mutton":50,"minecraft:white_wool":22,"minecraft:tripwire_hook":2,"minecraft:filled_map":2,"minecraft:acacia_wood":2,"doggytalents:rice_grains":57,"majruszsdifficulty:cloth":92,"tconstruct:seared_fuel_tank":3,"minecraft:oak_log":70,"tconstruct:tool_handle":2,"minecraft:golden_boots":1,"cfm:stripped_birch_chair":1,"alexsmobs:mosquito_proboscis":1,"minecraft:paper":2,"minecraft:white_banner":4,"tconstruct:seared_brick":28,"minecraft:birch_pressure_plate":4,"minecraft:apple":6,"tconstruct:seared_heater":4,"minecraft:stone_bricks":2,"majruszsdifficulty:tattered_leggings":2,"tombstone:bag_of_seeds":14,"minecraft:glass_bottle":2,"cfm:stripped_birch_upgraded_fence":1,"minecraft:iron_sword":3,"minecraft:dark_oak_stairs":2,"minecraft:gravel":1014,"minecraft:birch_stairs":12,"minecraft:leather_helmet":1,"minecraft:diamond_shovel":2,"minecraft:slime_ball":45,"minecraft:gray_wool":3,"tconstruct:seared_melter":6,"minecraft:melon_seeds":2,"minecraft:hopper":1,"tconstruct:seared_drain":2,"minecraft:wheat":58,"minecraft:black_carpet":3,"minecraft:nether_brick_fence":6,"alexsmobs:gazelle_horn":2,"minecraft:raw_copper":116,"minecraft:smooth_stone_slab":15,"minecraft:iron_leggings":5,"minecraft:sticky_piston":5,"alexsmobs:blood_sac":16,"minecraft:bucket":2,"minecraft:redstone_torch":4,"minecraft:cobblestone_slab":1,"tconstruct:broad_blade":2,"minecraft:calcite":32,"infernalexp:crimson_fungus_cap":1,"minecraft:smooth_quartz":61,"minecraft:iron_pickaxe":1,"minecraft:iron_boots":1,"minecraft:tipped_arrow":2,"minecraft:stick":29,"minecraft:torch":153,"minecraft:spruce_stairs":3,"tconstruct:tough_handle":5,"minecraft:porkchop":59,"minecraft:pointed_dripstone":6,"tombstone:grave_dust":131,"infernalexp:raw_hogchop":2,"tombstone:lollipop":35,"minecraft:rotten_flesh":195,"alexsmobs:emu_egg":4,"minecraft:obsidian":22,"minecraft:cobblestone":2790,"minecraft:crimson_hyphae":7,"tconstruct:seared_bricks":91,"minecraft:leather_chestplate":3,"minecraft:magma_cream":1,"minecraft:andesite":206,"minecraft:golden_leggings":1,"minecraft:chiseled_quartz_block":4,"minecraft:potato":118,"mcwbridges:birch_log_bridge_stair":9,"minecraft:tuff":46,"minecraft:wither_skeleton_skull":1,"alexsmobs:rocky_shell":1,"tconstruct:seared_bricks_stairs":10,"minecraft:lapis_lazuli":181,"minecraft:dirt":1834,"minecraft:stripped_birch_log":3,"minecraft:leather_boots":1,"minecraft:glass":17,"minecraft:bone":203,"minecraft:acacia_planks":64,"minecraft:bow":15,"minecraft:wheat_seeds":306,"stalwart_dungeons:iron_hammer":1,"minecraft:raw_gold":55,"minecraft:birch_wood":3,"tombstone:scroll_of_reach":1,"minecraft:oak_planks":35,"tconstruct:necrotic_bone":93,"minecraft:cooked_porkchop":1,"minecraft:music_disc_13":2,"minecraft:gray_stained_glass":6,"minecraft:sand":861,"minecraft:light_gray_concrete":4,"minecraft:sugar":15,"tombstone:familiar_stone":6,"minecraft:diamond":69,"tconstruct:seared_basin":11,"minecraft:crossbow":3,"minecraft:white_concrete":432,"minecraft:bone_meal":26,"minecraft:golden_apple":1,"infernalexp:moth_dust":2,"minecraft:emerald":10,"minecraft:oak_sapling":30,"minecraft:netherrack":351,"minecraft:cocoa_beans":3,"majruszsdifficulty:tattered_boots":1,"tconstruct:crafting_station":1,"minecraft:allium":4,"minecraft:splash_potion":4,"minecraft:chicken":1,"minecraft:brown_mushroom":1,"minecraft:wooden_pickaxe":1,"tconstruct:skyroot_log":32,"tconstruct:sword":1,"doggytalents:rice_wheat":69,"tconstruct:earth_slime_crystal":12,"doggytalents:dog_bed":5,"minecraft:stone_stairs":4,"minecraft:iron_axe":2,"tconstruct:seared_glass":13,"minecraft:cyan_carpet":28,"minecraft:blackstone":1,"minecraft:blue_orchid":1,"spartanshields:obsidian_basic_shield":1,"minecraft:sugar_cane":17,"minecraft:phantom_membrane":7,"doggytalents:throw_stick_wet":2,"minecraft:raw_iron":203,"tconstruct:raw_cobalt":1,"minecraft:gray_dye":21,"tconstruct:earth_slime_grass_seeds":1,"minecraft:arrow":149,"minecraft:nether_bricks":19,"tconstruct:tinker_station":6,"minecraft:saddle":5,"minecraft:black_banner":2,"minecraft:golden_carrot":75,"minecraft:glow_ink_sac":49,"minecraft:crimson_stem":4,"tconstruct:part_builder":5,"minecraft:leather":4,"minecraft:music_disc_stal":4,"minecraft:birch_planks":209,"tconstruct:seared_chute":1,"minecraft:crimson_fungus":1,"savage_and_ravage:creeper_spores":6,"minecraft:gunpowder":52,"minecraft:cobblestone_stairs":74,"tombstone:decorative_grave_cross":1,"minecraft:cooked_mutton":1,"tconstruct:sky_slime_sling":1,"minecraft:red_carpet":2,"minecraft:spruce_wood":2,"minecraft:iron_ingot":41,"minecraft:acacia_sapling":2,"minecraft:book":115,"minecraft:oak_slab":1,"minecraft:pumpkin":21,"minecraft:quartz":144,"minecraft:amethyst_shard":16,"tconstruct:large_plate":4,"minecraft:spider_eye":35,"alexsmobs:raw_catfish":9,"minecraft:pumpkin_seeds":2,"minecraft:white_concrete_powder":321,"minecraft:chainmail_leggings":4,"minecraft:iron_helmet":1,"cfm:black_sofa":1,"minecraft:terracotta":2,"tconstruct:pattern":3,"tombstone:magic_scroll":22,"minecraft:black_wool":1,"majruszsdifficulty:tattered_chestplate":1,"minecraft:coal":360},"minecraft:mined":{"minecraft:dark_oak_planks":2,"tconstruct:seared_drain":2,"minecraft:obsidian":23,"minecraft:acacia_log":27,"tconstruct:part_chest":1,"minecraft:hopper":1,"minecraft:spawner":19,"minecraft:tall_seagrass":5,"minecraft:magma_block":18,"minecraft:fire":14,"tconstruct:cobalt_ore":1,"tconstruct:seared_melter":6,"minecraft:deepslate_lapis_ore":32,"minecraft:dirt_path":1,"minecraft:light_gray_concrete":8,"tconstruct:sky_slime_fern":7,"minecraft:white_banner":1,"minecraft:tripwire":4,"minecraft:orange_bed":4,"tconstruct:part_builder":5,"tconstruct:sky_sky_slime_grass":24,"minecraft:crimson_nylium":36,"minecraft:powder_snow":4,"minecraft:torch":50,"minecraft:melon":23,"minecraft:glass":6,"minecraft:sugar_cane":6,"minecraft:birch_sapling":1,"tconstruct:seared_faucet":6,"minecraft:wheat":54,"minecraft:grass":142,"minecraft:smooth_quartz":27,"minecraft:deepslate":201,"tconstruct:sky_slime_vine":2,"minecraft:stripped_birch_log":3,"minecraft:nether_bricks":21,"minecraft:spruce_fence":4,"minecraft:moss_block":3,"minecraft:white_concrete_powder":13,"minecraft:acacia_wood":1,"minecraft:andesite":151,"minecraft:potatoes":26,"minecraft:cobblestone_slab":1,"minecraft:vine":2,"minecraft:white_wool":11,"minecraft:potted_allium":1,"minecraft:gray_concrete":163,"minecraft:cornflower":4,"doggytalents:rice_mill":4,"minecraft:tall_grass":34,"minecraft:copper_ore":32,"minecraft:deepslate_gold_ore":30,"tconstruct:sky_slime_leaves":13,"minecraft:coarse_dirt":6,"tconstruct:smeltery_controller":3,"minecraft:birch_leaves":51,"minecraft:gravel":1078,"minecraft:cobweb":52,"minecraft:acacia_planks":21,"minecraft:gold_ore":24,"tconstruct:sky_congealed_slime":24,"minecraft:spruce_planks":6,"minecraft:oak_sapling":1,"tconstruct:tinker_station":6,"minecraft:cobblestone_stairs":10,"tconstruct:seared_bricks":92,"minecraft:grass_block":619,"minecraft:white_concrete":313,"tconstruct:seared_table":5,"minecraft:glowstone":2,"minecraft:iron_ore":135,"tconstruct:seared_fuel_tank":3,"minecraft:dark_oak_stairs":1,"tconstruct:sky_slime_dirt":4,"minecraft:spruce_slab":2,"minecraft:deepslate_redstone_ore":36,"tconstruct:seared_chute":1,"minecraft:cyan_terracotta":1,"minecraft:blackstone":1,"tconstruct:tinkers_anvil":1,"minecraft:chiseled_quartz_block":3,"minecraft:clay":104,"cfm:stripped_birch_upgraded_fence":1,"minecraft:calcite":12,"minecraft:chest":8,"minecraft:nether_quartz_ore":146,"minecraft:cobblestone":132,"minecraft:birch_wood":3,"minecraft:oak_planks":1,"minecraft:iron_door":2,"minecraft:wall_torch":18,"tconstruct:large_earth_slime_crystal_bud":4,"minecraft:seagrass":4,"minecraft:warped_nylium":3,"minecraft:birch_log":225,"minecraft:smooth_stone_slab":9,"minecraft:oak_log":65,"minecraft:sand":741,"minecraft:dirt":875,"tconstruct:crafting_station":1,"tconstruct:seared_heater":2,"tconstruct:seared_bricks_stairs":10,"minecraft:tripwire_hook":1,"minecraft:netherrack":332,"minecraft:oak_leaves":80,"infernalexp:buried_bone":8,"minecraft:nether_gold_ore":25,"minecraft:tuff":37,"minecraft:deepslate_diamond_ore":70,"minecraft:glow_lichen":3,"minecraft:lever":1,"tconstruct:medium_earth_slime_crystal_bud":1,"tconstruct:earth_slime_crystal_block":21,"minecraft:birch_slab":1,"minecraft:spruce_leaves":1,"minecraft:rooted_dirt":1,"minecraft:crimson_stem":4,"minecraft:hay_block":24,"minecraft:carrots":31,"tconstruct:budding_earth_slime_crystal":3,"doggytalents:dog_bed":5,"minecraft:nether_brick_fence":6,"minecraft:bookshelf":35,"minecraft:deepslate_iron_ore":61,"tconstruct:seared_glass":13,"minecraft:stone":1785,"minecraft:birch_pressure_plate":4,"doggytalents:rice_crop":27,"tconstruct:sky_slime_tall_grass":29,"minecraft:acacia_leaves":16,"mcwbridges:birch_log_bridge_stair":4,"minecraft:crafting_table":6,"tconstruct:earth_slime_crystal_cluster":3,"tconstruct:seared_basin":15,"minecraft:gray_stained_glass":10,"minecraft:spruce_stairs":3,"minecraft:gray_wool":1,"minecraft:birch_planks":188,"cfm:black_sofa":1,"minecraft:gray_concrete_powder":1,"minecraft:sweet_berry_bush":1,"tconstruct:skyroot_log":16,"minecraft:coal_ore":226,"minecraft:cyan_carpet":9,"minecraft:cracked_stone_bricks":1,"minecraft:terracotta":2},"minecraft:broken":{"minecraft:golden_boots":2,"minecraft:iron_boots":1,"minecraft:iron_chestplate":2,"minecraft:iron_leggings":1,"minecraft:diamond_shovel":1,"minecraft:diamond_pickaxe":1,"spartanshields:iron_basic_shield":1,"minecraft:iron_sword":4,"minecraft:stone_sword":2,"minecraft:iron_axe":2,"minecraft:iron_pickaxe":6,"minecraft:iron_helmet":1,"minecraft:iron_shovel":7,"minecraft:stone_pickaxe":1,"tconstruct:sky_slime_sling":1,"minecraft:stone_axe":1},"minecraft:dropped":{"minecraft:iron_sword":3,"minecraft:acacia_wood":1,"minecraft:piston":12,"minecraft:glow_ink_sac":25,"spartanshields:obsidian_basic_shield":1,"minecraft:glass_bottle":2,"minecraft:crafting_table":1,"minecraft:cooked_porkchop":20,"minecraft:crossbow":1,"minecraft:glow_item_frame":1,"minecraft:saddle":2,"minecraft:rail":1,"tconstruct:sword":1,"minecraft:dirt":686,"minecraft:gray_concrete":110,"savage_and_ravage:creeper_spores":3,"doggytalents:dog_bed":1,"minecraft:gold_nugget":64,"alexsmobs:emu_feather":2,"minecraft:bone_meal":11,"minecraft:phantom_membrane":6,"minecraft:sand":89,"minecraft:iron_pickaxe":1,"minecraft:music_disc_stal":2,"majruszsdifficulty:tattered_leggings":1,"minecraft:dark_oak_planks":2,"tconstruct:large_plate":2,"minecraft:white_wool":1,"minecraft:cyan_carpet":43,"minecraft:bone":27,"tombstone:lollipop":1,"minecraft:oak_door":1,"tconstruct:pickaxe":2,"majruszsdifficulty:cloth":53,"minecraft:sugar_cane":2,"minecraft:cobbled_deepslate":280,"tconstruct:broad_blade":1,"minecraft:birch_sapling":7,"minecraft:wheat":1,"minecraft:obsidian":18,"minecraft:rotten_flesh":58,"minecraft:oak_planks":65,"minecraft:glowstone_dust":1,"alexsmobs:blood_sac":11,"tconstruct:sledge_hammer":1,"minecraft:charcoal":1,"minecraft:leather_boots":1,"minecraft:acacia_sapling":1,"minecraft:glass":17,"minecraft:beef":1,"minecraft:enchanted_book":7,"minecraft:golden_boots":1,"minecraft:iron_ingot":16,"minecraft:wheat_seeds":63,"tconstruct:tool_handle":2,"minecraft:iron_helmet":2,"minecraft:feather":1,"minecraft:cobblestone":1685,"minecraft:book":4,"spartanshields:iron_basic_shield":1,"minecraft:chainmail_helmet":2,"minecraft:coal":7,"minecraft:end_rod":3,"tombstone:dust_of_vanishing":2,"minecraft:golden_carrot":45,"minecraft:smooth_stone":7,"minecraft:chainmail_leggings":5,"minecraft:paper":1,"minecraft:string":63,"minecraft:acacia_planks":16,"doggytalents:rice_mill":1,"tombstone:familiar_stone":3,"minecraft:stone_sword":3,"minecraft:bowl":1,"minecraft:sticky_piston":5,"minecraft:iron_boots":2,"sophisticatedbackpacks:backpack":1,"minecraft:name_tag":1,"minecraft:spruce_fence":8,"minecraft:pumpkin_seeds":13,"minecraft:diamond_sword":3,"tconstruct:sky_slime_sling":3,"minecraft:cobblestone_slab":1,"minecraft:stone":1,"minecraft:allium":5,"minecraft:spruce_planks":9,"minecraft:bundle":11,"minecraft:diamond_pickaxe":1,"doggytalents:throw_stick":3,"minecraft:spider_eye":30,"minecraft:stone_bricks":3,"minecraft:bow":8,"minecraft:magma_block":3,"minecraft:dark_prismarine":2,"minecraft:terracotta":2,"minecraft:birch_planks":51,"minecraft:brown_mushroom":1,"minecraft:dark_oak_stairs":2,"minecraft:oak_log":3,"alexsmobs:rocky_shell":1,"minecraft:iron_horse_armor":1,"alexsmobs:bison_fur":2,"minecraft:flint":1,"minecraft:music_disc_13":1,"minecraft:music_disc_11":1,"minecraft:cobblestone_stairs":4,"minecraft:cyan_terracotta":2,"tombstone:bag_of_seeds":3,"minecraft:cornflower":33,"minecraft:mutton":24,"minecraft:crimson_roots":2,"minecraft:amethyst_shard":16,"majruszsdifficulty:tattered_chestplate":1,"doggytalents:training_treat":1,"minecraft:blackstone":11,"tconstruct:tough_handle":2,"doggytalents:whistle":2,"minecraft:pointed_dripstone":6,"minecraft:diamond_shovel":1,"doggytalents:rice_wheat":3,"minecraft:carrot":63,"alexsmobs:kangaroo_hide":1,"minecraft:poppy":1,"minecraft:leather_chestplate":1,"minecraft:gunpowder":30,"minecraft:beetroot_seeds":2,"minecraft:melon_seeds":6,"tconstruct:hammer_head":1,"minecraft:spruce_wood":2,"minecraft:chainmail_boots":4,"doggytalents:rice_grains":8,"minecraft:arrow":14,"minecraft:white_concrete_powder":1127,"minecraft:quartz":1,"minecraft:magenta_wool":1,"minecraft:splash_potion":2,"minecraft:water_bucket":4,"spartanshields:copper_basic_shield":3,"minecraft:poisonous_potato":1,"minecraft:lead":1,"stalwart_dungeons:iron_hammer":1,"minecraft:stick":17,"minecraft:torch":7,"minecraft:white_concrete":64,"minecraft:smooth_quartz":21,"tombstone:grave_dust":20,"minecraft:iron_leggings":2,"tombstone:dust_of_frost":1,"minecraft:bucket":5,"minecraft:music_disc_cat":2,"alexsmobs:maggot":3,"minecraft:coarse_dirt":3,"cfm:birch_kitchen_sink_light":1,"minecraft:tuff":59,"minecraft:raw_iron":5,"minecraft:light_gray_wool":2,"minecraft:filled_map":1,"minecraft:shield":1,"minecraft:oak_button":4,"minecraft:iron_chestplate":1,"minecraft:andesite":31,"minecraft:mossy_stone_bricks":2,"tconstruct:earth_slime_sapling":2,"minecraft:oak_sapling":1,"minecraft:wooden_pickaxe":2,"minecraft:calcite":12}},"DataVersion":2975}