{"stats":{"minecraft:picked_up":{"minecraft:iron_chestplate":3,"minecraft:chainmail_boots":4,"minecraft:flower_pot":1,"doggytalents:koji":4,"minecraft:magenta_carpet":12,"minecraft:lead":1,"minecraft:diamond_sword":19,"minecraft:enchanted_book":19,"minecraft:golden_sword":1,"minecraft:music_disc_cat":3,"minecraft:string":383,"tconstruct:smeltery_controller":3,"minecraft:soul_soil":17,"doggytalents:throw_stick":5,"minecraft:shroomlight":1,"alexsmobs:emu_feather":2,"minecraft:gold_nugget":206,"minecraft:cobbled_deepslate":206,"minecraft:spruce_planks":11,"infernalexp:soul_salt_clump":8,"minecraft:melon_slice":108,"minecraft:polished_blackstone_stairs":1,"doggytalents:whistle":3,"minecraft:acacia_log":26,"tconstruct:seared_faucet":6,"minecraft:golden_chestplate":1,"minecraft:orange_bed":10,"tconstruct:sky_slime_crystal":4,"minecraft:stone_sword":2,"tconstruct:earth_slime_crystal_block":21,"minecraft:cyan_terracotta":2,"tombstone:scroll_of_aquatic_life":1,"minecraft:bookshelf":12,"minecraft:end_rod":3,"minecraft:blaze_rod":6,"minecraft:birch_log":236,"minecraft:magma_block":10,"minecraft:feather":5,"minecraft:iron_door":2,"minecraft:birch_slab":6,"minecraft:water_bucket":2,"minecraft:brown_wool":3,"minecraft:acacia_leaves":3,"minecraft:copper_block":1,"alexsmobs:bison_fur":4,"tconstruct:pick_head":1,"minecraft:flint":155,"minecraft:gray_concrete":220,"tombstone:familiar_receptacle":1,"minecraft:gray_concrete_powder":1,"minecraft:purple_carpet":18,"tconstruct:seared_table":3,"minecraft:glowstone_dust":7,"minecraft:moss_block":5,"tconstruct:sky_slime_sapling":4,"tconstruct:hammer_head":2,"minecraft:ink_sac":4,"minecraft:dark_oak_log":5,"minecraft:red_terracotta":9,"minecraft:bundle":18,"spartanshields:copper_basic_shield":3,"minecraft:lever":3,"minecraft:chainmail_helmet":2,"minecraft:bread":64,"alexsmobs:maggot":5,"minecraft:rooted_dirt":1,"minecraft:crimson_roots":9,"minecraft:diamond_pickaxe":3,"minecraft:crafting_table":5,"minecraft:coarse_dirt":6,"minecraft:nether_wart":1,"minecraft:clay_ball":376,"tconstruct:tinkers_anvil":1,"minecraft:cornflower":20,"doggytalents:rice_mill":2,"minecraft:iron_shovel":1,"minecraft:cracked_stone_bricks":1,"minecraft:beef":2,"minecraft:poppy":2,"minecraft:spruce_slab":2,"minecraft:chest":10,"minecraft:birch_sapling":26,"minecraft:piston":12,"minecraft:egg":2,"minecraft:copper_ore":2,"minecraft:oak_door":1,"tconstruct:pickaxe":1,"sophisticatedbackpacks:backpack":2,"minecraft:spruce_fence":3,"tconstruct:sky_slime_dirt":52,"minecraft:carrot":99,"minecraft:redstone":178,"tconstruct:sky_slime_ball":210,"minecraft:diamond_boots":1,"minecraft:hay_block":26,"tombstone:essence_of_undeath":1,"minecraft:totem_of_undying":2,"sophisticatedbackpacks:copper_backpack":2,"tconstruct:part_chest":1,"tconstruct:earth_slime_sapling":3,"minecraft:mutton":50,"minecraft:white_wool":22,"minecraft:tripwire_hook":2,"minecraft:filled_map":2,"majruszsdifficulty:tattered_helmet":2,"minecraft:acacia_wood":2,"doggytalents:rice_grains":61,"majruszsdifficulty:cloth":122,"tconstruct:seared_fuel_tank":3,"minecraft:oak_log":70,"minecraft:ancient_debris":21,"tconstruct:tool_handle":2,"minecraft:golden_boots":2,"cfm:stripped_birch_chair":1,"alexsmobs:mosquito_proboscis":2,"minecraft:paper":2,"minecraft:white_banner":4,"tconstruct:seared_brick":28,"minecraft:birch_pressure_plate":4,"minecraft:apple":6,"tconstruct:seared_heater":4,"minecraft:stone_bricks":2,"majruszsdifficulty:tattered_leggings":3,"tombstone:bag_of_seeds":14,"minecraft:glass_bottle":2,"cfm:stripped_birch_upgraded_fence":1,"minecraft:iron_sword":3,"minecraft:dark_oak_stairs":2,"minecraft:gravel":1187,"minecraft:birch_stairs":12,"minecraft:leather_helmet":2,"infernalexp:shroomlight_fungus":1,"minecraft:diamond_shovel":2,"minecraft:slime_ball":45,"minecraft:gray_wool":3,"tconstruct:seared_melter":6,"minecraft:melon_seeds":2,"minecraft:hopper":1,"tconstruct:seared_drain":2,"minecraft:wheat":58,"minecraft:black_carpet":3,"minecraft:nether_brick_fence":8,"alexsmobs:gazelle_horn":2,"minecraft:raw_copper":116,"minecraft:smooth_stone_slab":15,"minecraft:iron_leggings":5,"minecraft:sticky_piston":5,"minecraft:zombie_head":2,"alexsmobs:blood_sac":25,"minecraft:red_sand":3,"minecraft:bucket":2,"minecraft:redstone_torch":4,"minecraft:cobblestone_slab":1,"tconstruct:broad_blade":3,"minecraft:calcite":32,"infernalexp:crimson_fungus_cap":1,"minecraft:smooth_quartz":69,"minecraft:iron_pickaxe":1,"minecraft:iron_boots":3,"minecraft:tipped_arrow":6,"minecraft:stick":29,"minecraft:torch":153,"minecraft:spruce_stairs":3,"tconstruct:tough_handle":5,"minecraft:porkchop":59,"cataclysm:burning_ashes":1,"minecraft:pointed_dripstone":6,"tombstone:grave_dust":138,"infernalexp:raw_hogchop":4,"tombstone:lollipop":35,"minecraft:rotten_flesh":223,"alexsmobs:emu_egg":4,"sophisticatedbackpacks:advanced_tool_swapper_upgrade":1,"minecraft:obsidian":22,"minecraft:cod":1,"minecraft:cobblestone":2795,"minecraft:crimson_hyphae":12,"tconstruct:seared_bricks":91,"minecraft:leather_chestplate":3,"minecraft:magma_cream":8,"minecraft:andesite":237,"minecraft:golden_leggings":1,"minecraft:chiseled_quartz_block":4,"minecraft:potato":118,"mcwbridges:birch_log_bridge_stair":9,"minecraft:tuff":46,"minecraft:wither_skeleton_skull":1,"alexsmobs:rocky_shell":1,"tconstruct:seared_bricks_stairs":10,"minecraft:lapis_lazuli":181,"minecraft:dirt":1836,"minecraft:stripped_birch_log":3,"minecraft:leather_boots":2,"minecraft:glass":17,"minecraft:bone":239,"minecraft:acacia_planks":64,"minecraft:bow":15,"minecraft:wheat_seeds":308,"stalwart_dungeons:iron_hammer":1,"minecraft:raw_gold":55,"minecraft:birch_wood":3,"tombstone:scroll_of_reach":1,"minecraft:oak_planks":35,"doggytalents:breeding_bone":1,"minecraft:ghast_tear":2,"tconstruct:necrotic_bone":93,"minecraft:cooked_porkchop":1,"minecraft:music_disc_13":2,"minecraft:gray_stained_glass":6,"minecraft:sand":861,"minecraft:light_gray_concrete":4,"minecraft:sugar":15,"tombstone:familiar_stone":6,"minecraft:diamond":69,"tconstruct:seared_basin":11,"minecraft:crossbow":3,"minecraft:white_concrete":434,"minecraft:bone_meal":30,"minecraft:golden_apple":1,"infernalexp:moth_dust":3,"minecraft:emerald":10,"minecraft:oak_sapling":30,"minecraft:netherrack":7334,"majruszsdifficulty:tattered_boots":1,"minecraft:cocoa_beans":3,"tconstruct:crafting_station":1,"minecraft:allium":4,"minecraft:splash_potion":4,"minecraft:chicken":1,"minecraft:brown_mushroom":1,"minecraft:wooden_pickaxe":1,"tconstruct:skyroot_log":32,"tconstruct:sword":1,"doggytalents:rice_wheat":69,"tconstruct:earth_slime_crystal":12,"doggytalents:dog_bed":5,"minecraft:stone_stairs":4,"minecraft:iron_axe":2,"tconstruct:seared_glass":13,"minecraft:cyan_carpet":28,"minecraft:blackstone":211,"minecraft:blue_orchid":1,"minecraft:candle":1,"spartanshields:obsidian_basic_shield":1,"minecraft:lectern":47,"minecraft:sugar_cane":17,"minecraft:phantom_membrane":7,"doggytalents:throw_stick_wet":2,"minecraft:raw_iron":203,"tconstruct:raw_cobalt":53,"minecraft:bowl":1,"minecraft:gray_dye":21,"tconstruct:earth_slime_grass_seeds":1,"minecraft:arrow":181,"minecraft:weeping_vines":1,"minecraft:nether_bricks":30,"tconstruct:tinker_station":6,"minecraft:saddle":5,"minecraft:black_banner":2,"minecraft:basalt":316,"minecraft:golden_carrot":75,"minecraft:glow_ink_sac":49,"minecraft:crimson_stem":4,"tconstruct:part_builder":5,"cataclysm:ignitium_ingot":3,"minecraft:leather":8,"minecraft:music_disc_stal":4,"minecraft:birch_planks":211,"tconstruct:seared_chute":1,"minecraft:crimson_fungus":12,"savage_and_ravage:creeper_spores":6,"minecraft:gunpowder":58,"minecraft:cobblestone_stairs":74,"tombstone:decorative_grave_cross":1,"minecraft:cooked_mutton":1,"tconstruct:sky_slime_sling":1,"minecraft:red_carpet":2,"tconstruct:sledge_hammer":2,"minecraft:spruce_wood":2,"minecraft:iron_ingot":45,"minecraft:acacia_sapling":2,"minecraft:soul_sand":15,"minecraft:book":115,"minecraft:oak_slab":1,"minecraft:pumpkin":21,"minecraft:quartz":216,"minecraft:amethyst_shard":16,"tombstone:book_of_magic_impregnation":1,"tconstruct:large_plate":4,"minecraft:spider_eye":40,"alexsmobs:raw_catfish":9,"minecraft:pumpkin_seeds":2,"minecraft:white_concrete_powder":321,"minecraft:chainmail_leggings":4,"minecraft:iron_helmet":2,"cfm:black_sofa":3,"cataclysm:the_incinerator":1,"minecraft:terracotta":2,"tconstruct:pattern":3,"tombstone:magic_scroll":24,"minecraft:black_wool":1,"majruszsdifficulty:tattered_chestplate":1,"minecraft:coal":360},"minecraft:crafted":{"doggytalents:whistle":1,"minecraft:birch_slab":6,"tconstruct:broad_blade":1,"tconstruct:pick_head":1,"minecraft:lever":2,"minecraft:diamond_shovel":2,"minecraft:nether_brick":4,"tconstruct:seared_melter":1,"minecraft:glass":87,"minecraft:diamond_helmet":1,"minecraft:diamond_leggings":1,"easy_piglins:barterer":1,"tconstruct:seared_glass":9,"minecraft:gray_stained_glass":16,"tconstruct:tough_handle":3,"minecraft:cooked_porkchop":65,"tconstruct:tool_handle":5,"minecraft:copper_ingot":60,"tconstruct:sword":1,"advancednetherite:netherite_diamond_ingot":4,"minecraft:iron_pickaxe":5,"minecraft:gold_ingot":25,"spartanshields:wooden_basic_shield":7,"minecraft:netherite_ingot":16,"tconstruct:cleaver":21,"cfm:stripped_birch_table":4,"tconstruct:large_plate":4,"tconstruct:bow_limb":1,"tconstruct:seared_chute":1,"tconstruct:part_builder":2,"minecraft:iron_nugget":11,"tconstruct:seared_basin":1,"minecraft:bone_meal":207,"spartanshields:copper_basic_shield":2,"tconstruct:tinker_station":1,"minecraft:stone_pickaxe":1,"mcwbridges:birch_log_bridge_stair":6,"advancednetherite:netherite_iron_ingot":4,"minecraft:netherite_pickaxe":1,"tconstruct:part_chest":2,"minecraft:gray_concrete_powder":104,"tconstruct:hammer_head":2,"minecraft:enchanted_book":7,"tconstruct:seared_heater":2,"minecraft:iron_shovel":6,"tconstruct:seared_ladder":4,"cataclysm:the_incinerator":1,"minecraft:iron_leggings":2,"doggytalents:rice_grains":39,"tconstruct:longbow":6,"tconstruct:grout":712,"minecraft:oak_planks":256,"minecraft:cobblestone_slab":6,"minecraft:cooked_chicken":1,"tconstruct:tool_binding":1,"spartanshields:iron_basic_shield":2,"minecraft:hopper":2,"minecraft:iron_boots":2,"tconstruct:seared_brick":684,"minecraft:chest":23,"tconstruct:seared_fuel_tank":1,"minecraft:oak_button":4,"stalwart_dungeons:iron_hammer":1,"minecraft:oak_fence":6,"minecraft:golden_boots":2,"tconstruct:small_blade":1,"sophisticatedbackpacks:backpack":1,"minecraft:crafting_table":6,"minecraft:baked_potato":32,"minecraft:iron_helmet":4,"minecraft:wooden_pickaxe":1,"minecraft:birch_pressure_plate":4,"tconstruct:sky_slime_sling":4,"minecraft:gold_block":1,"minecraft:birch_planks":828,"tconstruct:sky_slime_crystal":4,"minecraft:iron_chestplate":1,"minecraft:diamond_pickaxe":2,"minecraft:shield":2,"minecraft:birch_fence":15,"minecraft:stick":108,"minecraft:iron_ingot":168,"minecraft:stone_sword":2,"tconstruct:seared_bricks":147,"tconstruct:pattern":33,"tconstruct:pickaxe":1,"minecraft:fishing_rod":1,"minecraft:netherite_sword":1,"minecraft:furnace":1,"minecraft:gray_dye":36,"spartanshields:diamond_basic_shield":1,"minecraft:glass_pane":16,"minecraft:flint_and_steel":1,"tconstruct:seared_bricks_stairs":4,"minecraft:white_concrete_powder":1256,"minecraft:iron_axe":2,"mcwbridges:birch_log_bridge_middle":8,"tconstruct:seared_table":1,"minecraft:netherite_scrap":13,"advancednetherite:netherite_emerald_ingot":4,"minecraft:cooked_beef":2,"advancednetherite:netherite_gold_ingot":4,"tconstruct:bow_grip":1,"tconstruct:excavator":2,"minecraft:iron_sword":2,"minecraft:bowl":4,"minecraft:nether_bricks":1,"minecraft:bucket":4,"spartanshields:obsidian_basic_shield":2,"minecraft:stone_axe":1,"tconstruct:seared_drain":1,"minecraft:air":0,"tconstruct:sky_congealed_slime":4,"minecraft:bread":17,"cfm:birch_kitchen_sink_light":2,"minecraft:oak_boat":1,"tconstruct:seared_ingot_gauge":1,"minecraft:white_dye":192,"tconstruct:crafting_station":2,"minecraft:netherite_shovel":1,"tconstruct:seared_faucet":3,"minecraft:acacia_planks":100,"minecraft:torch":40,"minecraft:clay":94,"minecraft:diamond_chestplate":1,"tconstruct:sledge_hammer":40},"minecraft:broken":{"minecraft:golden_boots":3,"minecraft:iron_boots":1,"minecraft:iron_chestplate":2,"minecraft:iron_leggings":1,"minecraft:diamond_shovel":1,"minecraft:diamond_pickaxe":1,"spartanshields:iron_basic_shield":1,"minecraft:iron_sword":4,"minecraft:stone_sword":2,"minecraft:diamond_leggings":1,"minecraft:iron_axe":2,"minecraft:iron_pickaxe":6,"minecraft:iron_helmet":1,"minecraft:iron_shovel":7,"minecraft:stone_pickaxe":1,"tconstruct:sky_slime_sling":1,"minecraft:stone_axe":1},"minecraft:custom":{"minecraft:interact_with_crafting_table":201,"minecraft:open_barrel":16,"goblintraders:trade_with_goblin":40,"minecraft:bell_ring":9,"minecraft:leave_game":54,"minecraft:time_since_death":196736,"minecraft:damage_blocked_by_shield":16977,"tombstone:eaten_lollipop":31,"minecraft:play_time":3689730,"minecraft:deaths":95,"minecraft:enchant_item":4,"minecraft:jump":31528,"minecraft:interact_with_furnace":158,"minecraft:traded_with_villager":19,"minecraft:interact_with_cartography_table":1,"minecraft:sleep_in_bed":37,"tombstone:sneak_grave":8,"minecraft:damage_dealt":170166,"tombstone:use_disenchantment":5,"tombstone:undead_killed":388,"minecraft:interact_with_smoker":54,"minecraft:inspect_dispenser":1,"minecraft:horse_one_cm":1597515,"minecraft:interact_with_smithing_table":13,"minecraft:interact_with_anvil":72,"minecraft:inspect_hopper":3,"minecraft:damage_dealt_absorbed":511,"minecraft:sneak_time":174483,"minecraft:interact_with_blast_furnace":212,"minecraft:total_world_time":3689730,"tombstone:raider_killed":43,"minecraft:tune_noteblock":47,"tombstone:pray_on_grave":1,"minecraft:time_since_rest":196766,"minecraft:swim_one_cm":329201,"minecraft:fly_one_cm":11125776,"minecraft:open_chest":1770,"minecraft:fish_caught":1,"minecraft:fall_one_cm":522807,"minecraft:damage_resisted":2418,"minecraft:sprint_one_cm":6168478,"minecraft:drop":693,"minecraft:talked_to_villager":115,"minecraft:interact_with_brewingstand":1,"minecraft:walk_on_water_one_cm":413956,"minecraft:player_kills":3,"minecraft:crouch_one_cm":577561,"tombstone:villager_killed":10,"minecraft:mob_kills":837,"tombstone:use_vanishing":5,"minecraft:damage_dealt_resisted":9310,"minecraft:climb_one_cm":78584,"minecraft:walk_one_cm":7987915,"tombstone:consume_soul":12,"minecraft:walk_under_water_one_cm":230638,"spartanshields:shield_bash_hits":70,"minecraft:pot_flower":1,"minecraft:interact_with_grindstone":3,"tombstone:free_soul":21,"minecraft:damage_taken":57018,"minecraft:damage_absorbed":2418,"tombstone:use_magic_impregnation":6},"minecraft:killed":{"minecraft:cave_spider":61,"tconstruct:sky_slime":73,"infernalexp:embody":3,"minecraft:skeleton":114,"minecraft:chicken":2,"majruszsdifficulty:creeperling":7,"alexsmobs:centipede_head":1,"minecraft:skeleton_horse":4,"doggytalents:dog":1,"minecraft:magma_cube":28,"majruszsdifficulty:tank":1,"minecraft:pillager":16,"minecraft:zombie":176,"minecraft:glow_squid":1,"infernalexp:shroomloin":7,"minecraft:cow":1,"minecraft:evoker":1,"minecraft:vindicator":12,"alexsmobs:rocky_roller":1,"minecraft:husk":9,"majruszsdifficulty:cursed_armor":6,"alexsmobs:catfish":5,"infernalexp:voline":5,"netherskeletons:crimson_skeleton":14,"cataclysm:ignis":2,"alexsmobs:hummingbird":1,"minecraft:zombified_piglin":3,"minecraft:witch":1,"minecraft:spider":54,"minecraft:illusioner":3,"alexsmobs:kangaroo":1,"minecraft:piglin":5,"minecraft:pig":28,"minecraft:zombie_villager":6,"minecraft:creeper":11,"alexsmobs:crimson_mosquito":34,"alexsmobs:warped_toad":1,"minecraft:sheep":16,"minecraft:ghast":1,"minecraft:stray":9,"alexsmobs:fly":6,"minecraft:blaze":11,"cataclysm:ignited_revenant":1,"savage_and_ravage:skeleton_villager":1,"minecraft:vex":5,"minecraft:slime":5,"minecraft:phantom":10,"minecraft:bat":1,"minecraft:hoglin":10,"alexsmobs:emu":1,"alexsmobs:gazelle":2,"minecraft:wither_skeleton":37,"minecraft:villager":10},"minecraft:mined":{"minecraft:dark_oak_planks":2,"tconstruct:seared_drain":2,"minecraft:obsidian":23,"minecraft:red_sand":3,"minecraft:acacia_log":27,"tconstruct:part_chest":1,"minecraft:hopper":1,"minecraft:spawner":19,"minecraft:weeping_vines_plant":1,"minecraft:tall_seagrass":5,"minecraft:magma_block":20,"minecraft:fire":30,"tconstruct:cobalt_ore":36,"tconstruct:seared_melter":6,"minecraft:deepslate_lapis_ore":32,"minecraft:dirt_path":1,"minecraft:light_gray_concrete":8,"minecraft:white_banner":1,"tconstruct:sky_slime_fern":7,"minecraft:tripwire":4,"minecraft:orange_bed":4,"tconstruct:part_builder":5,"tconstruct:sky_sky_slime_grass":24,"minecraft:crimson_nylium":48,"minecraft:soul_fire":3,"minecraft:powder_snow":4,"minecraft:torch":50,"minecraft:melon":23,"minecraft:glass":6,"minecraft:sugar_cane":6,"minecraft:birch_sapling":1,"tconstruct:seared_faucet":6,"minecraft:wheat":54,"minecraft:grass":148,"minecraft:smooth_quartz":35,"minecraft:deepslate":201,"tconstruct:sky_slime_vine":2,"minecraft:stripped_birch_log":3,"minecraft:nether_bricks":36,"minecraft:spruce_fence":4,"minecraft:crimson_roots":2,"minecraft:moss_block":3,"minecraft:white_concrete_powder":13,"minecraft:acacia_wood":1,"minecraft:andesite":182,"minecraft:potatoes":26,"minecraft:cobblestone_slab":1,"minecraft:vine":2,"minecraft:white_wool":11,"minecraft:potted_allium":1,"minecraft:gray_concrete":164,"minecraft:soul_sand":17,"minecraft:cornflower":4,"doggytalents:rice_mill":4,"minecraft:copper_ore":32,"minecraft:tall_grass":35,"minecraft:deepslate_gold_ore":30,"tconstruct:sky_slime_leaves":13,"minecraft:red_terracotta":9,"minecraft:coarse_dirt":6,"tconstruct:smeltery_controller":3,"minecraft:birch_leaves":51,"minecraft:gravel":1275,"minecraft:cobweb":53,"minecraft:acacia_planks":21,"minecraft:polished_blackstone":1,"minecraft:gold_ore":24,"tconstruct:sky_congealed_slime":24,"minecraft:spruce_planks":6,"minecraft:oak_sapling":1,"tconstruct:tinker_station":6,"minecraft:cobblestone_stairs":10,"tconstruct:seared_bricks":92,"minecraft:grass_block":620,"minecraft:white_concrete":313,"minecraft:soul_soil":10,"tconstruct:seared_table":5,"minecraft:glowstone":2,"minecraft:iron_ore":135,"tconstruct:seared_fuel_tank":3,"minecraft:dark_oak_stairs":1,"tconstruct:sky_slime_dirt":4,"minecraft:spruce_slab":2,"minecraft:deepslate_redstone_ore":36,"tconstruct:seared_chute":1,"minecraft:cyan_terracotta":3,"minecraft:blackstone":194,"tconstruct:tinkers_anvil":1,"minecraft:clay":104,"minecraft:chiseled_quartz_block":3,"cfm:stripped_birch_upgraded_fence":1,"minecraft:calcite":12,"minecraft:chest":8,"minecraft:nether_quartz_ore":208,"minecraft:cobblestone":132,"minecraft:birch_wood":3,"minecraft:oak_planks":1,"minecraft:iron_door":2,"minecraft:wall_torch":18,"tconstruct:large_earth_slime_crystal_bud":4,"minecraft:seagrass":4,"minecraft:warped_nylium":13,"minecraft:birch_log":225,"minecraft:smooth_stone_slab":9,"minecraft:oak_log":65,"minecraft:sand":741,"minecraft:dirt":876,"tconstruct:crafting_station":1,"tconstruct:seared_heater":2,"tconstruct:seared_bricks_stairs":10,"minecraft:tripwire_hook":1,"minecraft:netherrack":7281,"minecraft:ancient_debris":21,"minecraft:oak_leaves":80,"infernalexp:buried_bone":8,"minecraft:nether_gold_ore":46,"minecraft:tuff":37,"minecraft:deepslate_diamond_ore":70,"minecraft:lever":1,"minecraft:glow_lichen":3,"tconstruct:medium_earth_slime_crystal_bud":1,"tconstruct:earth_slime_crystal_block":21,"minecraft:birch_slab":1,"minecraft:spruce_leaves":1,"minecraft:rooted_dirt":1,"minecraft:crimson_stem":4,"minecraft:hay_block":24,"minecraft:carrots":31,"tconstruct:budding_earth_slime_crystal":3,"doggytalents:dog_bed":5,"minecraft:nether_brick_fence":8,"minecraft:bookshelf":35,"minecraft:shroomlight":1,"minecraft:deepslate_iron_ore":61,"tconstruct:seared_glass":13,"minecraft:stone":1790,"minecraft:birch_pressure_plate":4,"doggytalents:rice_crop":27,"minecraft:acacia_leaves":16,"tconstruct:sky_slime_tall_grass":29,"mcwbridges:birch_log_bridge_stair":4,"minecraft:basalt":354,"minecraft:crafting_table":6,"tconstruct:earth_slime_crystal_cluster":3,"minecraft:gray_stained_glass":10,"tconstruct:seared_basin":15,"minecraft:lectern":47,"minecraft:spruce_stairs":3,"minecraft:birch_planks":190,"minecraft:gray_wool":1,"cfm:black_sofa":2,"minecraft:gray_concrete_powder":1,"minecraft:sweet_berry_bush":1,"tconstruct:skyroot_log":16,"minecraft:coal_ore":226,"minecraft:cyan_carpet":9,"minecraft:cracked_stone_bricks":1,"minecraft:terracotta":2},"minecraft:used":{"alexsmobs:emu_egg":2,"minecraft:moss_block":5,"cfm:acacia_hedge":1,"minecraft:spruce_slab":11,"minecraft:poppy":1,"minecraft:chest":40,"cfm:stripped_birch_upgraded_fence":73,"minecraft:stone":448,"minecraft:quartz_stairs":1,"minecraft:rotten_flesh":252,"tconstruct:sword":21,"tconstruct:sledge_hammer":1,"tconstruct:scorched_fuel_tank":3,"minecraft:acacia_sapling":1,"minecraft:lava_bucket":15,"minecraft:netherite_shovel":26,"minecraft:villager_spawn_egg":14,"minecraft:grass_block":353,"minecraft:birch_sapling":32,"cfm:spruce_desk_cabinet":2,"tconstruct:seared_faucet":8,"tconstruct:tinkers_anvil":2,"minecraft:bow":4,"minecraft:furnace":1,"minecraft:oak_sapling":17,"minecraft:potato":61,"cfm:spruce_cabinet":2,"minecraft:wooden_pickaxe":5,"minecraft:smooth_quartz_stairs":25,"minecraft:oak_leaves":2,"minecraft:golden_apple":26,"minecraft:glow_berries":7,"cfm:stripped_birch_blinds":2,"spartanshields:diamond_basic_shield":118,"tombstone:dust_of_vanishing":2,"minecraft:gray_concrete":261,"doggytalents:throw_stick":4,"minecraft:birch_fence":18,"minecraft:zombie_head":2,"minecraft:birch_slab":4,"cfm:stripped_oak_coffee_table":3,"minecraft:stone_button":4,"minecraft:lectern":63,"minecraft:red_terracotta":6,"minecraft:diamond_sword":1567,"minecraft:fire_charge":4,"minecraft:birch_log":7,"minecraft:gray_stained_glass":37,"cfm:stripped_birch_chair":6,"minecraft:stone_sword":261,"minecraft:armor_stand":15,"cfm:birch_mail_box":4,"minecraft:netherrack":433,"mcwroofs:gutter_middle_white":1,"minecraft:torch":435,"minecraft:orange_bed":6,"tconstruct:seared_drain":3,"cfm:trampoline":17,"minecraft:stone_stairs":5,"cfm:birch_kitchen_drawer":1,"tconstruct:seared_ladder":10,"tconstruct:seared_heater":3,"minecraft:shroomlight":10,"easy_piglins:barterer":2,"minecraft:iron_axe":496,"minecraft:rooted_dirt":1,"carryon:entity_item":3,"minecraft:smooth_quartz":14,"minecraft:totem_of_undying":1,"minecraft:barrel":5,"minecraft:melon_seeds":12,"tconstruct:scorched_basin":2,"cfm:fridge_light":7,"tombstone:gift":20,"tconstruct:scorched_road":185,"minecraft:cobbled_deepslate":1,"minecraft:acacia_planks":47,"minecraft:crimson_stem":4,"minecraft:wheat_seeds":65,"minecraft:water_bucket":163,"minecraft:birch_planks":1800,"mcwbridges:birch_log_bridge_middle":7,"cfm:brown_cooler":1,"mcwroofs:gutter_middle_orange":1,"mcwroofs:white_concrete_roof":5,"minecraft:sheep_spawn_egg":2,"minecraft:cracked_stone_bricks":1,"minecraft:crafting_table":8,"minecraft:oak_slab":1,"minecraft:red_bed":4,"minecraft:white_bed":5,"minecraft:diamond_pickaxe":2756,"minecraft:diamond_shovel":1593,"cfm:white_sofa":1,"tconstruct:seared_table":6,"tconstruct:part_chest":3,"minecraft:iron_pickaxe":1502,"minecraft:pig_spawn_egg":4,"tombstone:magic_scroll":3,"minecraft:spruce_trapdoor":15,"minecraft:cobblestone":405,"tconstruct:seared_melter":8,"cfm:stripped_oak_bedside_cabinet":1,"minecraft:cooked_porkchop":48,"minecraft:glass_pane":12,"tconstruct:foundry_controller":9,"cfm:birch_blinds":80,"cfm:white_grill":3,"stalwart_dungeons:iron_hammer":104,"cfm:stripped_birch_table":8,"minecraft:red_sand":1,"minecraft:iron_shovel":1770,"cfm:black_grill":2,"tconstruct:scorched_glass":11,"minecraft:white_concrete_powder":160,"minecraft:shield":53,"minecraft:iron_sword":949,"tombstone:lollipop":31,"doggytalents:rice_grains":60,"tconstruct:seared_fuel_tank":4,"cfm:birch_kitchen_sink_light":1,"minecraft:birch_pressure_plate":12,"minecraft:nether_bricks":6,"minecraft:carrot":26,"minecraft:tuff":1,"minecraft:obsidian":12,"minecraft:milk_bucket":3,"minecraft:glass":494,"tombstone:decorative_grave_simple":1,"minecraft:cyan_terracotta":2,"minecraft:lantern":37,"minecraft:blue_orchid":1,"minecraft:gray_concrete_powder":105,"minecraft:crimson_roots":1,"cfm:dark_oak_desk_cabinet":1,"minecraft:item_frame":5,"minecraft:birch_button":5,"carryon:tile_item":22,"minecraft:red_carpet":8,"minecraft:magma_block":3,"spartanshields:iron_basic_shield":75,"minecraft:hay_block":1,"minecraft:gray_bed":2,"doggytalents:dog_bed":9,"tconstruct:smeltery_controller":4,"mcwbridges:birch_log_bridge_stair":82,"tconstruct:scorched_chute":1,"minecraft:dark_oak_stairs":1,"alexsmobs:raw_catfish":8,"tconstruct:seared_bricks_stairs":12,"minecraft:wither_skeleton_skull":1,"alexsmobs:spawn_egg_warped_toad":1,"minecraft:stone_pickaxe":134,"minecraft:oak_planks":1,"tombstone:decorative_grave_cross":1,"minecraft:sugar_cane":9,"minecraft:diamond_axe":194,"cfm:birch_bedside_cabinet":3,"minecraft:white_wool":10,"minecraft:black_banner":11,"minecraft:crossbow":47,"minecraft:black_bed":6,"tconstruct:scorched_table":4,"minecraft:lever":4,"minecraft:light_gray_concrete":4,"minecraft:melon_slice":102,"minecraft:bread":166,"minecraft:string":3,"minecraft:brown_wool":1,"tombstone:grave_key":31,"minecraft:gravel":3,"cfm:birch_desk_cabinet":2,"minecraft:iron_door":2,"cfm:stone_table":5,"tombstone:familiar_stone":2,"minecraft:grindstone":3,"minecraft:andesite":138,"minecraft:coarse_dirt":3,"tconstruct:crafting_station":3,"minecraft:bone_meal":6,"minecraft:white_concrete":1715,"minecraft:experience_bottle":133,"tconstruct:longbow":51,"minecraft:netherite_sword":2,"doggytalents:rice_mill":1,"minecraft:flint_and_steel":1,"tconstruct:scorched_drain":1,"minecraft:spruce_planks":11,"spartanshields:obsidian_basic_shield":56,"minecraft:cooked_chicken":1,"minecraft:oak_door":5,"minecraft:dirt":2703,"cfm:stripped_birch_desk":5,"minecraft:hopper":4,"minecraft:spruce_stairs":5,"tconstruct:seared_bricks":275,"minecraft:spruce_fence":1,"minecraft:birch_door":2,"minecraft:iron_hoe":25,"cfm:black_sofa":8,"minecraft:bookshelf":14,"tconstruct:tinker_station":8,"cfm:birch_park_bench":7,"minecraft:golden_carrot":74,"spartanshields:copper_basic_shield":57,"minecraft:wolf_spawn_egg":3,"cfm:stripped_birch_bedside_cabinet":3,"minecraft:netherite_pickaxe":599,"minecraft:cooked_beef":55,"tconstruct:part_builder":7,"minecraft:enchanted_golden_apple":9,"minecraft:cooked_mutton":15,"minecraft:cobblestone_stairs":2,"minecraft:baked_potato":25,"minecraft:cobblestone_slab":1,"minecraft:glow_item_frame":3,"cfm:cyan_cooler":2,"minecraft:spider_eye":1,"tconstruct:seared_basin":16,"tconstruct:seared_chute":2,"minecraft:painting":10,"tombstone:bag_of_seeds":12,"minecraft:flower_pot":1,"minecraft:apple":6,"minecraft:map":1,"minecraft:stone_slab":38,"minecraft:stone_axe":94,"minecraft:fishing_rod":2,"tombstone:ankh_of_prayer":4,"tconstruct:cleaver":8,"minecraft:white_banner":3,"minecraft:bucket":187,"alexsmobs:animal_dictionary":11,"cfm:birch_crate":3,"tconstruct:seared_glass":24,"minecraft:birch_stairs":123},"minecraft:killed_by":{"minecraft:vindicator":18,"minecraft:zombie":9,"minecraft:stray":1,"majruszsdifficulty:creeperling":1,"alexsmobs:kangaroo":1,"minecraft:evoker":2,"minecraft:wither_skeleton":13,"minecraft:creeper":6,"minecraft:cave_spider":2,"minecraft:illusioner":2,"minecraft:player":4,"minecraft:spider":3,"minecraft:skeleton":20,"cataclysm:ignis":9},"minecraft:dropped":{"minecraft:iron_sword":3,"minecraft:acacia_wood":1,"minecraft:piston":12,"minecraft:cooked_beef":9,"minecraft:glow_ink_sac":25,"spartanshields:obsidian_basic_shield":1,"minecraft:glass_bottle":2,"minecraft:crafting_table":1,"minecraft:cooked_porkchop":20,"minecraft:crossbow":1,"minecraft:weeping_vines":1,"minecraft:glow_item_frame":1,"minecraft:saddle":2,"minecraft:rail":1,"minecraft:leather_helmet":1,"tconstruct:sword":1,"minecraft:dirt":686,"minecraft:gray_concrete":110,"savage_and_ravage:creeper_spores":3,"doggytalents:dog_bed":1,"minecraft:gold_nugget":101,"alexsmobs:emu_feather":2,"minecraft:bone_meal":11,"minecraft:phantom_membrane":6,"minecraft:sand":89,"minecraft:iron_pickaxe":1,"majruszsdifficulty:tattered_leggings":1,"minecraft:dark_oak_planks":2,"minecraft:music_disc_stal":2,"tconstruct:large_plate":2,"minecraft:white_wool":1,"minecraft:cyan_carpet":43,"minecraft:bone":27,"tombstone:lollipop":2,"minecraft:oak_door":1,"tconstruct:pickaxe":2,"majruszsdifficulty:cloth":57,"minecraft:sugar_cane":2,"minecraft:cobbled_deepslate":280,"tconstruct:broad_blade":2,"minecraft:wheat":1,"minecraft:birch_sapling":7,"minecraft:obsidian":18,"minecraft:rotten_flesh":58,"minecraft:oak_planks":65,"minecraft:glowstone_dust":1,"minecraft:nether_brick_fence":2,"alexsmobs:blood_sac":16,"tconstruct:sledge_hammer":3,"minecraft:charcoal":1,"minecraft:leather_boots":2,"minecraft:acacia_sapling":1,"minecraft:glass":17,"minecraft:beef":1,"alexsmobs:mosquito_proboscis":1,"minecraft:enchanted_book":7,"minecraft:golden_boots":1,"minecraft:iron_ingot":22,"minecraft:wheat_seeds":64,"tconstruct:tool_handle":2,"minecraft:iron_helmet":2,"minecraft:feather":1,"minecraft:cobblestone":1685,"minecraft:book":4,"spartanshields:iron_basic_shield":1,"minecraft:chainmail_helmet":2,"minecraft:coal":7,"minecraft:golden_apple":16,"minecraft:end_rod":3,"tombstone:dust_of_vanishing":2,"minecraft:golden_carrot":45,"sophisticatedbackpacks:advanced_tool_swapper_upgrade":1,"minecraft:smooth_stone":7,"minecraft:chainmail_leggings":5,"minecraft:paper":1,"minecraft:string":63,"minecraft:acacia_planks":16,"doggytalents:rice_mill":1,"tombstone:familiar_stone":3,"minecraft:stone_sword":3,"minecraft:bowl":1,"minecraft:sticky_piston":5,"minecraft:iron_boots":2,"sophisticatedbackpacks:backpack":1,"minecraft:name_tag":1,"minecraft:nether_bricks":11,"minecraft:spruce_fence":8,"minecraft:pumpkin_seeds":13,"minecraft:diamond_sword":3,"tconstruct:sky_slime_sling":3,"minecraft:cobblestone_slab":1,"minecraft:stone":1,"minecraft:allium":5,"minecraft:spruce_planks":9,"minecraft:bundle":11,"minecraft:diamond_pickaxe":2,"doggytalents:throw_stick":3,"minecraft:spider_eye":30,"minecraft:stone_bricks":3,"minecraft:bow":8,"tombstone:book_of_disenchantment":6,"minecraft:crimson_hyphae":2,"minecraft:magma_block":3,"minecraft:dark_prismarine":2,"minecraft:terracotta":2,"minecraft:birch_planks":51,"minecraft:brown_mushroom":1,"minecraft:dark_oak_stairs":2,"minecraft:oak_log":3,"cataclysm:the_incinerator":1,"alexsmobs:rocky_shell":1,"minecraft:leather":1,"minecraft:iron_horse_armor":1,"alexsmobs:bison_fur":2,"minecraft:flint":16,"minecraft:music_disc_13":1,"minecraft:music_disc_11":1,"minecraft:cobblestone_stairs":4,"minecraft:cyan_terracotta":2,"tombstone:bag_of_seeds":3,"minecraft:cornflower":33,"minecraft:mutton":24,"minecraft:crimson_roots":5,"minecraft:cooked_cod":1,"minecraft:amethyst_shard":16,"minecraft:gravel":173,"majruszsdifficulty:tattered_chestplate":1,"doggytalents:training_treat":1,"minecraft:crimson_fungus":5,"minecraft:blackstone":221,"tconstruct:tough_handle":2,"doggytalents:whistle":2,"minecraft:pointed_dripstone":6,"minecraft:diamond_shovel":1,"doggytalents:rice_wheat":3,"minecraft:carrot":63,"sophisticatedbackpacks:diamond_backpack":1,"alexsmobs:kangaroo_hide":1,"minecraft:poppy":1,"minecraft:leather_chestplate":1,"minecraft:gunpowder":35,"minecraft:beetroot_seeds":2,"minecraft:melon_seeds":6,"tconstruct:hammer_head":1,"minecraft:chainmail_boots":4,"minecraft:spruce_wood":2,"doggytalents:rice_grains":10,"minecraft:arrow":14,"minecraft:basalt":316,"minecraft:white_concrete_powder":1127,"minecraft:quartz":60,"minecraft:magenta_wool":1,"minecraft:splash_potion":2,"minecraft:netherrack":6390,"minecraft:water_bucket":4,"spartanshields:copper_basic_shield":3,"minecraft:poisonous_potato":1,"minecraft:lead":1,"stalwart_dungeons:iron_hammer":1,"minecraft:stick":18,"minecraft:torch":7,"minecraft:white_concrete":64,"minecraft:smooth_quartz":21,"tombstone:grave_dust":21,"minecraft:iron_leggings":2,"tombstone:dust_of_frost":1,"minecraft:bucket":5,"minecraft:music_disc_cat":2,"alexsmobs:maggot":3,"minecraft:coarse_dirt":3,"cfm:birch_kitchen_sink_light":1,"minecraft:tuff":59,"minecraft:raw_iron":5,"minecraft:light_gray_wool":2,"minecraft:red_terracotta":3,"minecraft:filled_map":1,"minecraft:shield":1,"minecraft:oak_button":4,"minecraft:iron_chestplate":1,"minecraft:andesite":31,"minecraft:mossy_stone_bricks":2,"tconstruct:earth_slime_sapling":2,"minecraft:oak_sapling":1,"minecraft:wooden_pickaxe":2,"tombstone:book_of_magic_impregnation":5,"minecraft:calcite":12}},"DataVersion":2975}