{"stats":{"minecraft:picked_up":{"minecraft:iron_chestplate":4,"minecraft:chainmail_boots":2,"minecraft:anvil":1,"doggytalents:koji":16,"minecraft:magenta_carpet":10,"minecraft:lead":13,"minecraft:diamond_sword":16,"minecraft:enchanted_book":26,"minecraft:brewing_stand":1,"minecraft:blue_concrete":6,"minecraft:golden_sword":1,"minecraft:music_disc_cat":2,"minecraft:string":474,"doggytalents:throw_stick":9,"cfm:birch_kitchen_sink_light":2,"minecraft:gold_nugget":70,"minecraft:cobbled_deepslate":181,"minecraft:spruce_planks":4,"minecraft:coal_block":4,"doggytalents:whistle":5,"minecraft:acacia_log":4,"minecraft:orange_bed":3,"tconstruct:sky_slime_crystal":4,"minecraft:stone_sword":3,"tconstruct:earth_slime_crystal_block":46,"minecraft:cyan_terracotta":2,"tombstone:scroll_of_aquatic_life":1,"minecraft:end_rod":4,"minecraft:white_terracotta":5,"minecraft:birch_log":307,"minecraft:magma_block":20,"minecraft:feather":20,"minecraft:cooked_beef":5,"minecraft:iron_door":8,"minecraft:birch_slab":2,"minecraft:water_bucket":9,"spartanshields:iron_basic_shield":1,"minecraft:copper_block":2,"minecraft:smoker":2,"alexsmobs:bison_fur":8,"minecraft:flint":177,"minecraft:gray_concrete":171,"tombstone:familiar_receptacle":5,"minecraft:purple_carpet":8,"minecraft:moss_block":27,"tconstruct:sky_slime_sapling":1,"minecraft:ink_sac":22,"alexsmobs:animal_dictionary":1,"minecraft:bundle":12,"minecraft:iron_hoe":1,"minecraft:polished_andesite":9,"alexsmobs:kangaroo_hide":1,"spartanshields:copper_basic_shield":1,"minecraft:lever":4,"doggytalents:rice_bowl":14,"minecraft:golden_horse_armor":5,"alexsmobs:maggot":6,"minecraft:light_gray_carpet":2,"minecraft:crimson_roots":1,"minecraft:crafting_table":5,"minecraft:coarse_dirt":10,"minecraft:clay_ball":8,"minecraft:redstone_lamp":1,"minecraft:cornflower":35,"doggytalents:rice_mill":5,"minecraft:flint_and_steel":4,"minecraft:white_carpet":2,"minecraft:glass_pane":24,"minecraft:cartography_table":2,"minecraft:music_disc_otherside":1,"minecraft:beef":24,"minecraft:cyan_wool":7,"minecraft:iron_nugget":4,"minecraft:poppy":2,"minecraft:quartz_stairs":18,"minecraft:chest":12,"minecraft:birch_sapling":93,"minecraft:piston":36,"minecraft:egg":8,"cfm:white_sofa":4,"minecraft:glow_item_frame":3,"tconstruct:pickaxe":2,"sophisticatedbackpacks:backpack":9,"minecraft:spruce_fence":13,"minecraft:fire_charge":4,"tconstruct:sky_slime_dirt":26,"minecraft:carrot":174,"minecraft:redstone":166,"minecraft:blue_carpet":2,"tconstruct:sky_slime_ball":53,"minecraft:beetroot_seeds":27,"minecraft:shears":3,"minecraft:hay_block":4,"tombstone:essence_of_undeath":1,"minecraft:gold_ingot":61,"minecraft:totem_of_undying":1,"tconstruct:earth_slime_sapling":5,"minecraft:mutton":46,"minecraft:white_wool":110,"alexsmobs:kangaroo_meat":1,"minecraft:rail":1,"minecraft:stripped_oak_log":1,"cfm:birch_cabinet":4,"majruszsdifficulty:tattered_helmet":1,"minecraft:filled_map":7,"majruszsdifficulty:cloth":88,"doggytalents:rice_grains":83,"minecraft:oak_log":134,"minecraft:golden_boots":3,"cfm:stripped_birch_chair":5,"alexsmobs:mosquito_proboscis":2,"minecraft:paper":6,"tombstone:gift":1,"minecraft:white_banner":2,"tconstruct:seared_brick":28,"minecraft:apple":7,"minecraft:stone_bricks":1,"savage_and_ravage:blast_proof_plating":1,"tombstone:bag_of_seeds":33,"minecraft:glass_bottle":24,"cfm:stripped_birch_upgraded_fence":1,"minecraft:dark_oak_stairs":3,"doggytalents:dog_bath":1,"minecraft:gravel":374,"minecraft:birch_stairs":2,"minecraft:diamond_shovel":1,"minecraft:slime_ball":263,"minecraft:gray_wool":1,"minecraft:baked_potato":12,"minecraft:wheat":52,"minecraft:black_carpet":3,"minecraft:potion":4,"tombstone:grave_key":1,"minecraft:raw_copper":333,"minecraft:smooth_stone_slab":12,"minecraft:iron_leggings":2,"minecraft:sticky_piston":45,"minecraft:zombie_head":2,"alexsmobs:blood_sac":8,"minecraft:smooth_stone":15,"minecraft:redstone_torch":12,"minecraft:cobblestone_slab":1,"minecraft:calcite":70,"minecraft:smooth_quartz":173,"minecraft:iron_boots":1,"minecraft:furnace":16,"minecraft:tipped_arrow":3,"minecraft:stick":101,"minecraft:oak_fence":40,"minecraft:torch":370,"minecraft:pointed_dripstone":1,"tombstone:grave_dust":157,"tombstone:lollipop":31,"minecraft:quartz_block":6,"minecraft:rotten_flesh":188,"alexsmobs:emu_egg":2,"minecraft:obsidian":6,"minecraft:cobblestone":2960,"minecraft:enchanting_table":1,"tconstruct:seared_bricks":1,"minecraft:leather_chestplate":4,"minecraft:repeater":11,"minecraft:andesite":371,"minecraft:potato":404,"mcwbridges:birch_log_bridge_stair":1,"minecraft:tuff":14,"minecraft:wither_skeleton_skull":3,"cfm:stripped_birch_table":13,"alexsmobs:rocky_shell":3,"minecraft:lapis_lazuli":119,"minecraft:dirt":2628,"minecraft:stripped_birch_log":7,"minecraft:name_tag":7,"minecraft:glass":103,"minecraft:bone":229,"minecraft:acacia_planks":116,"minecraft:bow":19,"minecraft:wheat_seeds":333,"stalwart_dungeons:iron_hammer":6,"minecraft:raw_gold":42,"minecraft:grindstone":9,"tombstone:scroll_of_reach":1,"minecraft:mossy_stone_bricks":2,"minecraft:oak_planks":67,"tconstruct:necrotic_bone":66,"minecraft:cooked_porkchop":20,"minecraft:music_disc_13":1,"doggytalents:training_treat":1,"minecraft:poisonous_potato":2,"minecraft:gray_stained_glass":18,"minecraft:sand":1527,"minecraft:mossy_cobblestone":2,"minecraft:dark_prismarine":2,"minecraft:light_gray_concrete":12,"tombstone:familiar_stone":9,"minecraft:diamond":21,"minecraft:black_concrete":14,"minecraft:grass":2,"minecraft:white_concrete":1000,"minecraft:emerald":194,"minecraft:oak_sapling":27,"minecraft:netherrack":285,"majruszsdifficulty:tattered_boots":2,"minecraft:cocoa_beans":3,"minecraft:charcoal":4,"minecraft:allium":3,"minecraft:azure_bluet":1,"minecraft:splash_potion":11,"minecraft:chicken":2,"minecraft:gold_block":6,"tconstruct:sword":1,"doggytalents:rice_wheat":141,"minecraft:diamond_horse_armor":1,"minecraft:shield":5,"doggytalents:dog_bed":6,"minecraft:stone_stairs":3,"minecraft:iron_axe":1,"minecraft:item_frame":2,"minecraft:quartz_slab":2,"minecraft:birch_fence":66,"minecraft:cyan_carpet":27,"minecraft:blackstone":10,"minecraft:blue_orchid":4,"spartanshields:obsidian_basic_shield":1,"minecraft:light_gray_wool":4,"minecraft:sugar_cane":55,"minecraft:raw_iron":253,"tconstruct:raw_cobalt":2,"minecraft:copper_ingot":4,"minecraft:bowl":25,"minecraft:gray_dye":71,"tconstruct:earth_slime_grass_seeds":1,"minecraft:stone_button":10,"minecraft:iron_horse_armor":5,"minecraft:dark_oak_planks":1,"minecraft:arrow":220,"minecraft:saddle":8,"minecraft:skeleton_skull":1,"minecraft:golden_carrot":29,"minecraft:glow_ink_sac":99,"minecraft:leather":14,"minecraft:music_disc_stal":9,"minecraft:birch_planks":110,"savage_and_ravage:creeper_spores":10,"minecraft:yellow_bed":1,"minecraft:gunpowder":97,"minecraft:cobblestone_stairs":59,"minecraft:cooked_mutton":1,"tconstruct:sky_slime_sling":3,"minecraft:red_carpet":1,"tconstruct:sledge_hammer":1,"minecraft:iron_ingot":89,"cfm:birch_bedside_cabinet":3,"infernalexp:ascus_bomb":1,"minecraft:book":81,"minecraft:pumpkin":21,"minecraft:quartz":192,"minecraft:dandelion":5,"minecraft:dripstone_block":1,"minecraft:amethyst_shard":26,"minecraft:blast_furnace":2,"minecraft:spider_eye":138,"minecraft:white_concrete_powder":1490,"minecraft:chainmail_leggings":2,"minecraft:iron_helmet":5,"cfm:black_sofa":1,"minecraft:mossy_cobblestone_stairs":1,"tombstone:magic_scroll":42,"minecraft:damaged_anvil":1,"minecraft:coal":621},"minecraft:crafted":{"minecraft:black_dye":2,"doggytalents:super_treat":30,"doggytalents:whistle":1,"minecraft:birch_slab":6,"minecraft:diamond_shovel":1,"minecraft:bookshelf":22,"minecraft:cooked_mutton":46,"minecraft:quartz_block":19,"minecraft:glass":223,"minecraft:diamond_helmet":1,"minecraft:diamond_leggings":1,"minecraft:iron_door":9,"cfm:stripped_birch_chair":4,"minecraft:magenta_dye":1,"minecraft:diamond_axe":1,"minecraft:glow_item_frame":9,"minecraft:copper_ingot":184,"minecraft:campfire":2,"minecraft:iron_pickaxe":7,"minecraft:iron_block":6,"minecraft:gold_ingot":111,"minecraft:birch_stairs":8,"cfm:stripped_birch_table":4,"doggytalents:throw_stick":1,"minecraft:golden_carrot":83,"minecraft:magenta_wool":1,"doggytalents:rice_mill":1,"minecraft:bone_meal":141,"cfm:birch_blinds":4,"minecraft:white_carpet":27,"minecraft:stone_stairs":16,"minecraft:diamond":27,"cfm:birch_cabinet":2,"minecraft:black_concrete_powder":16,"minecraft:stone_pickaxe":1,"minecraft:diamond_boots":2,"minecraft:quartz_slab":6,"doggytalents:master_treat":20,"doggytalents:food_bowl":1,"minecraft:wheat":261,"minecraft:coal_block":13,"doggytalents:leather_jacket":1,"minecraft:cyan_bed":1,"minecraft:blue_bed":1,"cfm:birch_bedside_cabinet":2,"minecraft:golden_apple":3,"minecraft:flint":64,"minecraft:iron_leggings":3,"doggytalents:rice_grains":549,"minecraft:blue_carpet":8,"minecraft:oak_planks":492,"minecraft:cobblestone_stairs":208,"minecraft:stone":52,"minecraft:iron_boots":4,"minecraft:chest":15,"minecraft:blue_concrete_powder":8,"minecraft:smoker":2,"minecraft:quartz_stairs":8,"minecraft:item_frame":9,"minecraft:crafting_table":8,"minecraft:baked_potato":280,"minecraft:iron_helmet":4,"minecraft:wooden_pickaxe":1,"minecraft:birch_pressure_plate":12,"minecraft:red_wool":2,"doggytalents:dog_bed":9,"minecraft:birch_planks":1088,"doggytalents:dog_bath":1,"minecraft:iron_chestplate":3,"minecraft:diamond_pickaxe":2,"minecraft:birch_fence":168,"minecraft:stick":236,"minecraft:iron_ingot":156,"minecraft:stone_sword":2,"minecraft:light_gray_carpet":3,"minecraft:shears":2,"minecraft:oak_door":3,"doggytalents:training_treat":42,"minecraft:coal":1,"minecraft:blast_furnace":2,"minecraft:furnace":9,"minecraft:stone_button":4,"minecraft:glass_pane":16,"minecraft:iron_axe":2,"minecraft:iron_hoe":1,"minecraft:cooked_beef":9,"minecraft:sugar":30,"minecraft:red_dye":2,"alexsmobs:cooked_kangaroo_meat":1,"minecraft:iron_sword":3,"minecraft:bowl":12,"minecraft:cooked_salmon":3,"minecraft:bucket":2,"minecraft:bread":15,"minecraft:air":0,"minecraft:blue_dye":9,"minecraft:gold_nugget":603,"minecraft:blue_wool":5,"minecraft:anvil":2,"minecraft:acacia_planks":8,"minecraft:torch":324,"minecraft:diamond_chestplate":1},"minecraft:broken":{"majruszsdifficulty:tattered_boots":2,"minecraft:iron_boots":1,"minecraft:diamond_shovel":1,"spartanshields:iron_basic_shield":1,"minecraft:iron_sword":1,"minecraft:stone_sword":1,"minecraft:diamond_leggings":1,"minecraft:wooden_pickaxe":1,"minecraft:iron_axe":2,"minecraft:iron_pickaxe":7,"minecraft:iron_helmet":5,"minecraft:iron_shovel":1,"minecraft:stone_pickaxe":1,"tconstruct:sky_slime_sling":1,"minecraft:diamond_chestplate":1,"majruszsdifficulty:tattered_helmet":1},"minecraft:custom":{"minecraft:interact_with_crafting_table":247,"minecraft:open_barrel":10,"goblintraders:trade_with_goblin":101,"minecraft:bell_ring":50,"minecraft:leave_game":29,"minecraft:time_since_death":425443,"minecraft:damage_blocked_by_shield":8165,"tombstone:eaten_lollipop":31,"minecraft:play_time":1768600,"minecraft:deaths":68,"tombstone:tomb_raiding":1,"minecraft:jump":25471,"minecraft:enchant_item":27,"minecraft:interact_with_furnace":184,"minecraft:interact_with_cartography_table":1,"minecraft:sleep_in_bed":29,"tombstone:sneak_grave":11,"minecraft:damage_dealt":124056,"tombstone:undead_killed":326,"minecraft:interact_with_smoker":111,"minecraft:inspect_dispenser":2,"minecraft:horse_one_cm":2259772,"minecraft:interact_with_anvil":24,"minecraft:damage_dealt_absorbed":120,"minecraft:sneak_time":58684,"minecraft:interact_with_blast_furnace":65,"minecraft:total_world_time":1768600,"tombstone:raider_killed":23,"minecraft:tune_noteblock":20,"minecraft:time_since_rest":79720,"tombstone:cast_on_ally":2,"minecraft:swim_one_cm":200235,"minecraft:fly_one_cm":4566582,"minecraft:open_chest":1405,"minecraft:fall_one_cm":545605,"minecraft:animals_bred":17,"minecraft:sprint_one_cm":3626854,"minecraft:drop":700,"minecraft:play_noteblock":1,"minecraft:talked_to_villager":13,"minecraft:walk_on_water_one_cm":247502,"minecraft:player_kills":4,"minecraft:crouch_one_cm":147035,"minecraft:mob_kills":597,"minecraft:interact_with_campfire":17,"minecraft:damage_dealt_resisted":14175,"minecraft:climb_one_cm":57180,"minecraft:walk_one_cm":3329557,"minecraft:walk_under_water_one_cm":140024,"spartanshields:shield_bash_hits":15,"minecraft:pot_flower":1,"minecraft:interact_with_grindstone":14,"minecraft:damage_taken":43040,"minecraft:damage_absorbed":200},"minecraft:killed":{"minecraft:cave_spider":56,"tconstruct:sky_slime":41,"minecraft:skeleton":84,"minecraft:chicken":4,"minecraft:iron_golem":1,"minecraft:pillager":12,"minecraft:zombie":148,"minecraft:cow":8,"minecraft:evoker":1,"minecraft:vindicator":6,"minecraft:horse":3,"alexsmobs:rocky_roller":2,"minecraft:husk":4,"majruszsdifficulty:cursed_armor":2,"alexsmobs:hummingbird":1,"minecraft:witch":1,"minecraft:spider":48,"minecraft:bee":5,"minecraft:illusioner":3,"minecraft:piglin":2,"minecraft:creeper":2,"alexsmobs:crimson_mosquito":10,"minecraft:sheep":12,"minecraft:vex":6,"alexsmobs:bison":1,"minecraft:squid":1,"alexsmobs:crow":1,"minecraft:wither_skeleton":90},"minecraft:used":{"minecraft:moss_block":25,"infernalexp:infernal_painting":7,"minecraft:smooth_quartz_slab":1,"minecraft:chest":27,"cfm:stripped_birch_upgraded_fence":1,"minecraft:stone":28,"minecraft:quartz_stairs":37,"minecraft:rotten_flesh":53,"cfm:oak_desk":6,"minecraft:lava_bucket":8,"minecraft:birch_sapling":41,"minecraft:quartz_block":7,"minecraft:bow":38,"minecraft:oak_sapling":1,"minecraft:furnace":15,"cfm:birch_cabinet":6,"minecraft:egg":6,"minecraft:potato":173,"minecraft:damaged_anvil":1,"minecraft:wooden_pickaxe":55,"minecraft:sand":1,"minecraft:blast_furnace":4,"minecraft:gray_concrete":68,"minecraft:black_concrete_powder":4,"doggytalents:throw_stick":5,"minecraft:birch_fence":214,"minecraft:birch_slab":6,"minecraft:zombie_head":2,"minecraft:stone_button":15,"minecraft:diamond_sword":1188,"minecraft:birch_log":19,"cfm:stripped_birch_chair":7,"minecraft:enchanting_table":1,"minecraft:stone_sword":240,"minecraft:acacia_log":1,"minecraft:armor_stand":3,"minecraft:light_gray_carpet":5,"easy_piglins:piglin":1,"minecraft:cooked_salmon":3,"minecraft:netherrack":56,"minecraft:orange_bed":3,"minecraft:torch":673,"minecraft:brewing_stand":1,"minecraft:anvil":3,"doggytalents:dog_bath":2,"minecraft:stone_stairs":36,"minecraft:blue_concrete":6,"minecraft:iron_axe":501,"carryon:entity_item":4,"minecraft:smooth_quartz":16,"minecraft:beef":7,"tombstone:gift":13,"minecraft:cobbled_deepslate":44,"minecraft:wheat_seeds":63,"minecraft:water_bucket":430,"minecraft:birch_planks":695,"minecraft:cartography_table":2,"minecraft:blue_concrete_powder":4,"minecraft:mossy_cobblestone":1,"minecraft:crafting_table":12,"minecraft:campfire":2,"minecraft:diamond_pickaxe":2076,"minecraft:cornflower":2,"minecraft:diamond_shovel":3299,"cfm:white_sofa":5,"minecraft:iron_pickaxe":1769,"tombstone:magic_scroll":38,"minecraft:blue_carpet":7,"minecraft:cobblestone":155,"minecraft:cooked_porkchop":31,"minecraft:glass_pane":4,"cfm:birch_blinds":13,"cfm:birch_desk":8,"minecraft:stripped_oak_log":1,"stalwart_dungeons:iron_hammer":8,"cfm:stripped_birch_table":10,"minecraft:iron_shovel":284,"minecraft:white_concrete_powder":881,"minecraft:shield":50,"minecraft:white_terracotta":5,"minecraft:iron_sword":695,"tombstone:lollipop":31,"doggytalents:rice_grains":82,"cfm:birch_kitchen_sink_light":1,"minecraft:birch_pressure_plate":16,"minecraft:carrot":90,"minecraft:cyan_wool":4,"minecraft:obsidian":5,"minecraft:glass":200,"minecraft:quartz_slab":12,"minecraft:lantern":4,"minecraft:blue_orchid":3,"minecraft:item_frame":1,"carryon:tile_item":36,"minecraft:redstone_lamp":2,"spartanshields:iron_basic_shield":268,"minecraft:skeleton_skull":1,"doggytalents:dog_bed":18,"mcwbridges:birch_log_bridge_stair":8,"minecraft:wither_skeleton_skull":3,"minecraft:stone_pickaxe":131,"minecraft:oak_planks":35,"minecraft:sugar_cane":25,"minecraft:diamond_axe":362,"minecraft:blue_bed":2,"cfm:birch_bedside_cabinet":5,"minecraft:white_wool":10,"minecraft:dripstone_block":1,"minecraft:shears":17,"minecraft:redstone_torch":6,"cfm:blue_sofa":6,"minecraft:black_concrete":35,"minecraft:melon_slice":6,"minecraft:light_gray_concrete":5,"minecraft:bread":24,"minecraft:cyan_bed":1,"minecraft:string":14,"tombstone:grave_key":35,"minecraft:iron_door":10,"cfm:birch_desk_cabinet":3,"tombstone:familiar_stone":4,"minecraft:grindstone":1,"minecraft:andesite":81,"minecraft:coarse_dirt":5,"minecraft:white_concrete":968,"minecraft:bone_meal":68,"minecraft:experience_bottle":76,"doggytalents:rice_mill":6,"tconstruct:pickaxe":1,"minecraft:oak_door":2,"minecraft:dirt":1971,"minecraft:white_carpet":20,"alexsmobs:cooked_kangaroo_meat":1,"tconstruct:seared_bricks":1,"minecraft:iron_hoe":136,"cfm:black_sofa":1,"minecraft:bookshelf":16,"minecraft:golden_carrot":51,"spartanshields:copper_basic_shield":36,"doggytalents:food_bowl":1,"minecraft:cooked_beef":11,"minecraft:cooked_mutton":26,"cfm:stripped_birch_cabinet":4,"minecraft:cobblestone_stairs":85,"minecraft:polished_andesite":9,"minecraft:baked_potato":244,"minecraft:glow_item_frame":9,"minecraft:painting":76,"minecraft:smoker":4,"tombstone:bag_of_seeds":2,"minecraft:flower_pot":1,"minecraft:apple":1,"minecraft:chicken":2,"minecraft:stone_slab":12,"minecraft:white_banner":2,"minecraft:bucket":438,"minecraft:yellow_bed":1,"alexsmobs:animal_dictionary":38,"minecraft:birch_stairs":9},"minecraft:mined":{"minecraft:dark_oak_planks":1,"minecraft:blue_carpet":1,"minecraft:acacia_log":3,"minecraft:brown_wool":2,"minecraft:spawner":31,"minecraft:magma_block":2,"minecraft:mossy_cobblestone_stairs":1,"minecraft:cobbled_deepslate":1,"minecraft:fire":8,"tconstruct:cobalt_ore":1,"minecraft:pumpkin":21,"minecraft:deepslate_lapis_ore":2,"minecraft:enchanting_table":1,"minecraft:quartz_slab":2,"minecraft:light_gray_concrete":11,"cfm:stripped_birch_chair":6,"minecraft:white_banner":2,"minecraft:tripwire":3,"minecraft:orange_bed":6,"tconstruct:sky_sky_slime_grass":2,"minecraft:smoker":2,"minecraft:crimson_nylium":20,"minecraft:torch":254,"minecraft:blast_furnace":2,"minecraft:glass":8,"minecraft:sugar_cane":34,"minecraft:damaged_anvil":1,"minecraft:birch_sapling":2,"minecraft:skeleton_skull":1,"minecraft:cyan_wool":7,"minecraft:wheat":54,"minecraft:grass":140,"minecraft:smooth_quartz":26,"minecraft:zombie_wall_head":1,"minecraft:deepslate":168,"minecraft:dark_prismarine":2,"doggytalents:dog_bath":1,"minecraft:stripped_birch_log":7,"minecraft:allium":2,"minecraft:spruce_fence":10,"minecraft:crimson_roots":2,"minecraft:redstone_wire":1,"minecraft:moss_block":29,"minecraft:cartography_table":2,"minecraft:white_concrete_powder":23,"minecraft:andesite":269,"minecraft:potatoes":110,"minecraft:vine":1,"cfm:birch_cabinet":4,"cfm:white_sofa":4,"tconstruct:earth_congealed_slime":26,"minecraft:white_wool":10,"minecraft:birch_stairs":13,"minecraft:light_gray_carpet":2,"minecraft:gray_concrete":5,"minecraft:glass_pane":4,"minecraft:cornflower":19,"minecraft:emerald_ore":24,"doggytalents:rice_mill":2,"minecraft:campfire":2,"minecraft:tall_grass":40,"minecraft:copper_ore":26,"minecraft:deepslate_gold_ore":18,"minecraft:coarse_dirt":8,"minecraft:white_carpet":2,"minecraft:birch_leaves":33,"minecraft:zombie_head":1,"minecraft:gravel":474,"minecraft:cobweb":53,"minecraft:stone_bricks":1,"cfm:stripped_birch_table":4,"minecraft:gold_ore":19,"minecraft:fern":1,"minecraft:spruce_planks":5,"minecraft:cobblestone_stairs":3,"tconstruct:seared_bricks":1,"minecraft:brewing_stand":1,"minecraft:grass_block":696,"minecraft:blue_concrete":6,"minecraft:white_concrete":935,"minecraft:smooth_stone":8,"minecraft:iron_ore":165,"minecraft:anvil":1,"cfm:birch_bedside_cabinet":3,"minecraft:dark_oak_stairs":2,"minecraft:pointed_dripstone":1,"minecraft:quartz_block":6,"minecraft:cyan_terracotta":2,"minecraft:blackstone":11,"minecraft:chiseled_quartz_block":1,"minecraft:clay":4,"cfm:stripped_birch_upgraded_fence":1,"minecraft:poppy":1,"minecraft:chest":13,"minecraft:nether_quartz_ore":204,"minecraft:cobblestone":53,"minecraft:grindstone":3,"minecraft:oak_planks":20,"minecraft:iron_door":2,"minecraft:wall_torch":63,"minecraft:seagrass":4,"minecraft:stone_stairs":3,"minecraft:birch_log":305,"minecraft:oak_log":136,"minecraft:sand":835,"minecraft:dirt":1474,"minecraft:netherrack":276,"minecraft:oak_leaves":63,"infernalexp:buried_bone":4,"minecraft:redstone_lamp":1,"minecraft:nether_gold_ore":1,"minecraft:tuff":27,"minecraft:quartz_stairs":18,"minecraft:deepslate_diamond_ore":20,"tconstruct:earth_slime_crystal_block":25,"minecraft:birch_slab":6,"minecraft:spruce_leaves":2,"minecraft:large_fern":3,"minecraft:hay_block":6,"minecraft:furnace":12,"minecraft:carrots":26,"tconstruct:budding_earth_slime_crystal":1,"minecraft:black_concrete":14,"doggytalents:dog_bed":7,"minecraft:bookshelf":25,"minecraft:deepslate_iron_ore":24,"minecraft:stripped_oak_log":1,"minecraft:stone":1394,"minecraft:redstone_wall_torch":3,"doggytalents:rice_crop":70,"cfm:birch_kitchen_sink_light":1,"minecraft:acacia_leaves":7,"mcwbridges:birch_log_bridge_stair":6,"minecraft:oak_fence":4,"minecraft:crafting_table":4,"minecraft:lapis_ore":4,"minecraft:birch_planks":93,"cfm:black_sofa":1,"minecraft:coal_ore":256,"minecraft:end_rod":1,"minecraft:cyan_carpet":20,"minecraft:polished_andesite":7,"minecraft:mossy_stone_bricks":1,"minecraft:birch_fence":52},"minecraft:killed_by":{"minecraft:pillager":1,"minecraft:vindicator":12,"minecraft:zombie":9,"majruszsdifficulty:cursed_armor":1,"minecraft:vex":2,"doggytalents:dog":1,"minecraft:evoker":1,"minecraft:wither_skeleton":8,"minecraft:creeper":2,"minecraft:player":3,"minecraft:iron_golem":1,"minecraft:skeleton":17},"minecraft:dropped":{"minecraft:iron_sword":1,"minecraft:piston":30,"minecraft:lapis_lazuli":8,"minecraft:glow_ink_sac":99,"minecraft:glass_bottle":12,"minecraft:cooked_porkchop":1,"minecraft:saddle":7,"minecraft:red_carpet":1,"tconstruct:sword":1,"minecraft:emerald":69,"minecraft:gold_block":3,"minecraft:dirt":251,"minecraft:gray_concrete":84,"minecraft:grass":2,"savage_and_ravage:creeper_spores":3,"doggytalents:dog_bed":2,"minecraft:gold_nugget":3,"minecraft:sand":123,"tconstruct:sky_slime_ball":2,"tombstone:familiar_receptacle":2,"minecraft:music_disc_stal":6,"minecraft:white_wool":21,"minecraft:birch_stairs":1,"minecraft:gray_dye":71,"minecraft:cyan_carpet":15,"minecraft:bone":61,"minecraft:oak_door":1,"tconstruct:pickaxe":2,"majruszsdifficulty:cloth":70,"minecraft:lever":3,"minecraft:iron_nugget":4,"minecraft:cobbled_deepslate":37,"alexsmobs:animal_dictionary":1,"minecraft:black_carpet":3,"tconstruct:earth_slime_grass_seeds":1,"minecraft:birch_sapling":33,"minecraft:obsidian":1,"minecraft:rotten_flesh":20,"minecraft:grindstone":3,"minecraft:oak_planks":44,"alexsmobs:emu_egg":2,"minecraft:azure_bluet":1,"minecraft:tipped_arrow":3,"minecraft:quartz_block":3,"minecraft:glass":86,"minecraft:beef":2,"minecraft:enchanted_book":20,"minecraft:golden_boots":2,"minecraft:iron_ingot":38,"minecraft:wheat_seeds":109,"minecraft:copper_block":1,"minecraft:golden_horse_armor":4,"minecraft:iron_helmet":6,"minecraft:oak_fence":30,"minecraft:feather":12,"minecraft:cobblestone":1484,"minecraft:coal":62,"minecraft:golden_apple":1,"minecraft:end_rod":3,"minecraft:gray_wool":1,"minecraft:golden_carrot":59,"minecraft:ink_sac":24,"minecraft:potion":2,"minecraft:mossy_cobblestone_stairs":1,"minecraft:smooth_stone":1,"minecraft:chainmail_leggings":2,"minecraft:iron_shovel":1,"minecraft:paper":5,"minecraft:string":80,"minecraft:blue_carpet":5,"minecraft:acacia_planks":34,"minecraft:furnace":5,"tombstone:familiar_stone":2,"minecraft:stone_sword":3,"minecraft:cocoa_beans":3,"minecraft:bowl":10,"minecraft:sticky_piston":40,"minecraft:white_carpet":1,"minecraft:clay_ball":8,"minecraft:iron_boots":2,"minecraft:blue_concrete":2,"sophisticatedbackpacks:backpack":5,"minecraft:spruce_fence":4,"minecraft:shears":2,"minecraft:diamond_sword":14,"tconstruct:sky_slime_sling":1,"minecraft:potato":5,"minecraft:stone":1,"minecraft:allium":1,"minecraft:spruce_planks":2,"minecraft:bundle":9,"minecraft:diamond_pickaxe":1,"doggytalents:throw_stick":2,"minecraft:redstone_torch":4,"minecraft:spider_eye":41,"sophisticatedbackpacks:copper_backpack":1,"minecraft:bow":14,"minecraft:magma_block":15,"minecraft:quartz_slab":5,"minecraft:birch_planks":15,"minecraft:moss_block":2,"minecraft:dark_oak_stairs":3,"tconstruct:sky_slime_dirt":26,"alexsmobs:rocky_shell":2,"minecraft:blue_concrete_powder":4,"minecraft:leather":1,"minecraft:iron_horse_armor":4,"alexsmobs:bison_fur":6,"minecraft:flint":14,"minecraft:music_disc_13":1,"tombstone:bag_of_seeds":25,"minecraft:cornflower":7,"minecraft:crimson_roots":1,"minecraft:amethyst_shard":16,"minecraft:birch_log":1,"minecraft:gold_ingot":29,"minecraft:gravel":1,"doggytalents:whistle":5,"minecraft:pointed_dripstone":1,"minecraft:diamond_shovel":2,"minecraft:cooked_mutton":1,"minecraft:leather_chestplate":3,"minecraft:gunpowder":39,"minecraft:beetroot_seeds":27,"minecraft:chainmail_boots":2,"doggytalents:rice_grains":146,"minecraft:arrow":62,"minecraft:white_concrete_powder":439,"tconstruct:sky_slime_crystal":4,"minecraft:quartz":116,"minecraft:splash_potion":7,"minecraft:netherrack":229,"minecraft:purple_carpet":18,"minecraft:water_bucket":6,"spartanshields:copper_basic_shield":1,"minecraft:bread":64,"minecraft:magenta_carpet":12,"minecraft:mossy_cobblestone":1,"minecraft:bookshelf":12,"minecraft:poisonous_potato":1,"minecraft:lead":7,"stalwart_dungeons:iron_hammer":4,"minecraft:copper_ingot":2,"minecraft:acacia_log":1,"minecraft:stick":25,"doggytalents:uncooked_rice":10,"minecraft:blue_dye":2,"minecraft:brewing_stand":1,"tombstone:magic_scroll":19,"minecraft:torch":63,"tombstone:grave_key":1,"minecraft:smooth_quartz":134,"minecraft:white_concrete":116,"minecraft:iron_door":5,"tombstone:grave_dust":67,"tconstruct:raw_cobalt":2,"minecraft:fire_charge":5,"minecraft:iron_leggings":7,"minecraft:iron_axe":2,"minecraft:orange_bed":2,"minecraft:bucket":1,"minecraft:music_disc_cat":1,"minecraft:dandelion":5,"minecraft:redstone":18,"alexsmobs:maggot":6,"minecraft:gray_stained_glass":18,"minecraft:coarse_dirt":4,"cfm:birch_kitchen_sink_light":1,"minecraft:raw_copper":86,"minecraft:raw_iron":68,"minecraft:totem_of_undying":1,"minecraft:glass_pane":12,"minecraft:flint_and_steel":5,"minecraft:filled_map":7,"minecraft:shield":4,"minecraft:iron_chestplate":9,"minecraft:andesite":52,"minecraft:quartz_stairs":1,"tconstruct:earth_slime_sapling":5,"minecraft:oak_sapling":1,"minecraft:golden_sword":1,"tconstruct:seared_brick":28,"minecraft:diamond_boots":1,"minecraft:slime_ball":99,"minecraft:raw_gold":3,"minecraft:calcite":70,"cfm:stripped_birch_table":9}},"DataVersion":2975}