{"stats":{"minecraft:picked_up":{"minecraft:iron_chestplate":4,"minecraft:chainmail_boots":2,"minecraft:anvil":1,"doggytalents:koji":16,"minecraft:magenta_carpet":10,"minecraft:lead":13,"minecraft:diamond_sword":17,"minecraft:enchanted_book":26,"minecraft:brewing_stand":1,"minecraft:blue_concrete":6,"minecraft:golden_sword":1,"minecraft:music_disc_cat":2,"minecraft:string":474,"minecraft:soul_soil":1,"doggytalents:throw_stick":9,"cfm:birch_kitchen_sink_light":2,"minecraft:gold_nugget":191,"minecraft:cobbled_deepslate":181,"minecraft:spruce_planks":4,"infernalexp:soul_salt_clump":3,"minecraft:melon_slice":6,"minecraft:coal_block":4,"minecraft:polished_blackstone_stairs":3,"doggytalents:whistle":5,"minecraft:acacia_log":4,"minecraft:orange_bed":3,"tconstruct:sky_slime_crystal":4,"minecraft:stone_sword":3,"tconstruct:earth_slime_crystal_block":46,"minecraft:cyan_terracotta":2,"tombstone:scroll_of_aquatic_life":1,"minecraft:end_rod":4,"minecraft:white_terracotta":5,"minecraft:blaze_rod":5,"minecraft:birch_log":312,"minecraft:magma_block":21,"minecraft:feather":20,"minecraft:cooked_beef":14,"minecraft:iron_door":8,"minecraft:birch_slab":3,"minecraft:water_bucket":9,"spartanshields:iron_basic_shield":1,"minecraft:copper_block":2,"minecraft:smoker":2,"alexsmobs:bison_fur":8,"minecraft:flint":177,"minecraft:gray_concrete":171,"tombstone:familiar_receptacle":5,"minecraft:purple_carpet":8,"minecraft:moss_block":27,"tconstruct:sky_slime_sapling":1,"minecraft:ink_sac":22,"alexsmobs:animal_dictionary":1,"minecraft:bundle":13,"minecraft:iron_hoe":1,"minecraft:polished_andesite":9,"alexsmobs:kangaroo_hide":1,"spartanshields:copper_basic_shield":1,"tombstone:book_of_disenchantment":6,"minecraft:lever":4,"doggytalents:rice_bowl":14,"minecraft:golden_horse_armor":5,"alexsmobs:maggot":6,"minecraft:light_gray_carpet":2,"minecraft:crimson_roots":18,"minecraft:crafting_table":5,"tombstone:dust_of_vanishing":2,"minecraft:coarse_dirt":10,"minecraft:clay_ball":8,"minecraft:redstone_lamp":1,"minecraft:cornflower":35,"doggytalents:rice_mill":5,"minecraft:flint_and_steel":4,"minecraft:white_carpet":6,"minecraft:glass_pane":24,"minecraft:cartography_table":2,"minecraft:music_disc_otherside":1,"minecraft:beef":38,"minecraft:cyan_wool":7,"minecraft:iron_nugget":4,"minecraft:poppy":2,"minecraft:quartz_stairs":18,"minecraft:chest":12,"minecraft:birch_sapling":95,"minecraft:piston":36,"minecraft:egg":8,"cfm:white_sofa":4,"minecraft:raw_gold_block":2,"minecraft:glow_item_frame":3,"tconstruct:pickaxe":2,"sophisticatedbackpacks:backpack":9,"minecraft:spruce_fence":13,"minecraft:fire_charge":4,"tconstruct:sky_slime_dirt":26,"minecraft:carrot":177,"minecraft:redstone":166,"minecraft:blue_carpet":2,"tconstruct:sky_slime_ball":53,"minecraft:cooked_cod":1,"minecraft:beetroot_seeds":27,"minecraft:shears":3,"minecraft:hay_block":4,"tombstone:essence_of_undeath":1,"minecraft:gold_ingot":61,"minecraft:totem_of_undying":1,"minecraft:polished_blackstone":1,"tconstruct:earth_slime_sapling":5,"minecraft:mutton":46,"minecraft:white_wool":110,"alexsmobs:kangaroo_meat":1,"minecraft:rail":1,"minecraft:stripped_oak_log":1,"cfm:birch_cabinet":4,"minecraft:birch_leaves":1,"majruszsdifficulty:tattered_helmet":1,"minecraft:filled_map":7,"majruszsdifficulty:cloth":94,"doggytalents:rice_grains":83,"minecraft:oak_log":134,"minecraft:golden_boots":3,"cfm:stripped_birch_chair":5,"alexsmobs:mosquito_proboscis":6,"minecraft:paper":6,"tombstone:gift":1,"minecraft:white_banner":2,"tconstruct:seared_brick":28,"minecraft:apple":7,"minecraft:stone_bricks":1,"savage_and_ravage:blast_proof_plating":1,"tombstone:bag_of_seeds":33,"minecraft:glass_bottle":24,"cfm:stripped_birch_upgraded_fence":1,"minecraft:dark_oak_stairs":3,"doggytalents:dog_bath":3,"minecraft:gravel":374,"minecraft:birch_stairs":2,"minecraft:crying_obsidian":1,"tombstone:dust_of_frost":1,"minecraft:diamond_shovel":1,"minecraft:slime_ball":263,"minecraft:gray_wool":1,"minecraft:baked_potato":12,"minecraft:ender_pearl":1,"minecraft:wheat":53,"minecraft:black_carpet":3,"minecraft:potion":4,"tombstone:grave_key":1,"minecraft:raw_copper":333,"minecraft:smooth_stone_slab":12,"minecraft:iron_leggings":2,"minecraft:sticky_piston":45,"minecraft:zombie_head":2,"alexsmobs:blood_sac":23,"minecraft:smooth_stone":15,"minecraft:redstone_torch":12,"minecraft:cobblestone_slab":1,"minecraft:calcite":70,"minecraft:smooth_quartz":173,"minecraft:iron_boots":1,"minecraft:furnace":16,"minecraft:tipped_arrow":3,"minecraft:stick":101,"minecraft:birch_trapdoor":1,"minecraft:oak_fence":40,"minecraft:torch":371,"cataclysm:burning_ashes":1,"minecraft:pointed_dripstone":1,"tombstone:grave_dust":161,"infernalexp:raw_hogchop":1,"tombstone:lollipop":31,"minecraft:quartz_block":6,"minecraft:rotten_flesh":196,"alexsmobs:emu_egg":2,"sophisticatedbackpacks:advanced_tool_swapper_upgrade":1,"minecraft:obsidian":6,"minecraft:cobblestone":2971,"minecraft:crimson_hyphae":4,"tconstruct:seared_bricks":1,"minecraft:enchanting_table":1,"minecraft:leather_chestplate":4,"minecraft:repeater":11,"minecraft:andesite":436,"minecraft:potato":595,"mcwbridges:birch_log_bridge_stair":1,"minecraft:tuff":14,"minecraft:wither_skeleton_skull":3,"cfm:stripped_birch_table":13,"alexsmobs:rocky_shell":3,"minecraft:lapis_lazuli":119,"minecraft:dirt":2639,"minecraft:stripped_birch_log":7,"minecraft:name_tag":7,"cataclysm:music_disc_ignis":2,"minecraft:glass":103,"minecraft:bone":235,"minecraft:acacia_planks":116,"minecraft:bow":19,"minecraft:wheat_seeds":337,"stalwart_dungeons:iron_hammer":6,"minecraft:raw_gold":42,"minecraft:grindstone":9,"tombstone:scroll_of_reach":1,"minecraft:mossy_stone_bricks":2,"minecraft:oak_planks":67,"doggytalents:breeding_bone":2,"tconstruct:necrotic_bone":66,"minecraft:cooked_porkchop":20,"minecraft:music_disc_13":1,"doggytalents:training_treat":1,"minecraft:poisonous_potato":2,"minecraft:gray_stained_glass":18,"minecraft:sand":1527,"minecraft:grass_block":2,"minecraft:mossy_cobblestone":2,"minecraft:dark_prismarine":2,"minecraft:light_gray_concrete":12,"tombstone:familiar_stone":9,"minecraft:diamond":21,"minecraft:black_concrete":14,"minecraft:grass":2,"minecraft:bone_meal":5,"minecraft:golden_apple":16,"minecraft:white_concrete":1012,"infernalexp:moth_dust":1,"minecraft:emerald":194,"minecraft:oak_sapling":27,"minecraft:netherrack":2526,"cfm:birch_mail_box":1,"minecraft:cocoa_beans":3,"majruszsdifficulty:tattered_boots":3,"minecraft:charcoal":4,"minecraft:allium":3,"minecraft:azure_bluet":1,"minecraft:splash_potion":11,"minecraft:chicken":3,"minecraft:gold_block":12,"tconstruct:sword":1,"doggytalents:rice_wheat":141,"minecraft:diamond_horse_armor":1,"minecraft:shield":5,"doggytalents:dog_bed":6,"minecraft:stone_stairs":3,"minecraft:iron_axe":1,"minecraft:item_frame":3,"minecraft:quartz_slab":2,"minecraft:birch_fence":66,"minecraft:cyan_carpet":27,"minecraft:blackstone":10,"minecraft:blue_orchid":4,"minecraft:candle":5,"spartanshields:obsidian_basic_shield":1,"minecraft:light_gray_wool":4,"minecraft:lectern":8,"minecraft:sugar_cane":59,"minecraft:raw_iron":262,"tconstruct:raw_cobalt":2,"minecraft:copper_ingot":4,"minecraft:bowl":25,"minecraft:gray_dye":71,"tconstruct:earth_slime_grass_seeds":1,"minecraft:stone_button":10,"minecraft:iron_horse_armor":5,"minecraft:dark_oak_planks":1,"minecraft:arrow":222,"minecraft:nether_bricks":4,"minecraft:saddle":8,"minecraft:skeleton_skull":1,"minecraft:golden_carrot":29,"minecraft:glow_ink_sac":103,"minecraft:salmon":3,"cataclysm:ignitium_ingot":6,"minecraft:leather":19,"minecraft:music_disc_stal":9,"minecraft:birch_planks":111,"minecraft:crimson_fungus":4,"savage_and_ravage:creeper_spores":10,"minecraft:yellow_bed":1,"minecraft:gunpowder":97,"minecraft:cobblestone_stairs":59,"minecraft:cooked_mutton":1,"tconstruct:sky_slime_sling":3,"minecraft:red_carpet":1,"tconstruct:sledge_hammer":1,"minecraft:iron_ingot":91,"cfm:birch_bedside_cabinet":3,"infernalexp:ascus_bomb":2,"sophisticatedbackpacks:diamond_backpack":1,"minecraft:book":81,"minecraft:nether_quartz_ore":3,"minecraft:pumpkin":21,"minecraft:quartz":866,"minecraft:dandelion":5,"minecraft:dripstone_block":1,"minecraft:amethyst_shard":26,"tombstone:book_of_magic_impregnation":5,"minecraft:blast_furnace":2,"minecraft:spider_eye":138,"alexsmobs:raw_catfish":3,"minecraft:white_concrete_powder":1490,"minecraft:chainmail_leggings":2,"minecraft:iron_helmet":5,"cfm:black_sofa":1,"minecraft:mossy_cobblestone_stairs":1,"cataclysm:the_incinerator":1,"tombstone:magic_scroll":42,"minecraft:damaged_anvil":1,"majruszsdifficulty:tattered_chestplate":1,"minecraft:coal":624},"minecraft:crafted":{"minecraft:black_dye":2,"doggytalents:super_treat":55,"doggytalents:whistle":2,"spartanshields:wooden_tower_shield":1,"minecraft:birch_slab":18,"sophisticatedbackpacks:crafting_upgrade":1,"minecraft:diamond_shovel":1,"minecraft:bookshelf":22,"sophisticatedbackpacks:auto_smoking_upgrade":1,"minecraft:cooked_mutton":46,"minecraft:quartz_block":19,"minecraft:glass":223,"minecraft:diamond_helmet":2,"minecraft:diamond_leggings":1,"minecraft:iron_door":9,"cfm:stripped_birch_chair":4,"minecraft:magenta_dye":1,"minecraft:wooden_shovel":1,"spartanshields:diamond_tower_shield":1,"minecraft:diamond_axe":1,"minecraft:glow_item_frame":9,"sophisticatedbackpacks:advanced_feeding_upgrade":1,"minecraft:smithing_table":1,"minecraft:copper_ingot":184,"minecraft:campfire":2,"minecraft:iron_pickaxe":7,"minecraft:iron_block":6,"minecraft:gold_ingot":111,"minecraft:birch_stairs":8,"cfm:stripped_birch_table":4,"doggytalents:throw_stick":1,"minecraft:golden_carrot":83,"minecraft:magenta_wool":1,"doggytalents:rice_mill":1,"minecraft:bone_meal":141,"cfm:birch_blinds":4,"minecraft:white_carpet":27,"minecraft:stone_stairs":16,"minecraft:diamond":27,"cfm:birch_cabinet":2,"minecraft:black_concrete_powder":16,"minecraft:ladder":6,"minecraft:stone_pickaxe":1,"minecraft:diamond_boots":2,"minecraft:quartz_slab":6,"doggytalents:master_treat":45,"doggytalents:food_bowl":1,"minecraft:wheat":261,"minecraft:coal_block":13,"doggytalents:leather_jacket":1,"sophisticatedbackpacks:advanced_tool_swapper_upgrade":1,"minecraft:cyan_bed":1,"minecraft:blue_bed":1,"cfm:birch_bedside_cabinet":2,"minecraft:enchanted_book":7,"minecraft:golden_apple":3,"minecraft:flint":64,"minecraft:birch_trapdoor":6,"minecraft:wooden_axe":1,"minecraft:iron_leggings":3,"doggytalents:rice_grains":549,"minecraft:blue_carpet":8,"doggytalents:rice_bowl":14,"minecraft:oak_planks":492,"minecraft:cooked_chicken":1,"minecraft:cobblestone_stairs":208,"minecraft:stone":52,"doggytalents:breeding_bone":2,"minecraft:hopper":3,"minecraft:iron_boots":4,"minecraft:chest":20,"minecraft:blue_concrete_powder":8,"minecraft:stone_hoe":1,"minecraft:smoker":3,"minecraft:quartz_stairs":8,"minecraft:item_frame":9,"minecraft:crafting_table":9,"minecraft:baked_potato":345,"minecraft:iron_helmet":4,"minecraft:wooden_pickaxe":2,"minecraft:birch_pressure_plate":12,"minecraft:red_wool":2,"doggytalents:dog_bed":9,"sophisticatedbackpacks:feeding_upgrade":1,"minecraft:birch_planks":1152,"sophisticatedbackpacks:upgrade_base":4,"doggytalents:dog_bath":1,"minecraft:iron_chestplate":3,"minecraft:diamond_pickaxe":3,"minecraft:birch_fence":168,"minecraft:stick":256,"minecraft:iron_ingot":171,"minecraft:stone_sword":2,"minecraft:light_gray_carpet":3,"minecraft:shears":2,"minecraft:wooden_sword":1,"minecraft:oak_door":3,"doggytalents:training_treat":69,"minecraft:coal":1,"sophisticatedbackpacks:tool_swapper_upgrade":1,"minecraft:blast_furnace":2,"minecraft:stone_button":4,"minecraft:furnace":10,"minecraft:glass_pane":16,"minecraft:netherite_chestplate":1,"minecraft:iron_axe":2,"minecraft:iron_hoe":1,"minecraft:glistering_melon_slice":1,"minecraft:cooked_beef":23,"minecraft:sugar":40,"minecraft:red_dye":2,"alexsmobs:cooked_kangaroo_meat":1,"minecraft:iron_sword":3,"minecraft:bowl":12,"minecraft:cooked_salmon":4,"minecraft:bucket":2,"minecraft:bread":15,"minecraft:air":0,"minecraft:blue_dye":9,"minecraft:gold_nugget":603,"minecraft:blue_wool":5,"sophisticatedbackpacks:smoking_upgrade":1,"minecraft:anvil":2,"minecraft:acacia_planks":8,"minecraft:torch":324,"minecraft:diamond_chestplate":1},"minecraft:broken":{"minecraft:golden_boots":1,"minecraft:diamond_helmet":1,"majruszsdifficulty:tattered_boots":2,"minecraft:iron_boots":1,"minecraft:diamond_shovel":1,"spartanshields:iron_basic_shield":1,"minecraft:iron_sword":1,"minecraft:stone_sword":1,"minecraft:diamond_leggings":1,"minecraft:wooden_pickaxe":1,"minecraft:iron_axe":2,"minecraft:iron_pickaxe":7,"minecraft:iron_helmet":5,"minecraft:iron_shovel":1,"minecraft:stone_pickaxe":1,"tconstruct:sky_slime_sling":1,"minecraft:diamond_chestplate":1,"majruszsdifficulty:tattered_helmet":1},"minecraft:custom":{"minecraft:interact_with_crafting_table":297,"minecraft:open_barrel":21,"goblintraders:trade_with_goblin":101,"minecraft:bell_ring":50,"minecraft:leave_game":37,"minecraft:time_since_death":16870,"minecraft:damage_blocked_by_shield":12739,"tombstone:eaten_lollipop":31,"minecraft:play_time":2144543,"minecraft:deaths":83,"tombstone:tomb_raiding":1,"minecraft:jump":31315,"minecraft:enchant_item":35,"minecraft:interact_with_furnace":184,"minecraft:traded_with_villager":7,"minecraft:interact_with_cartography_table":4,"minecraft:sleep_in_bed":30,"tombstone:sneak_grave":11,"minecraft:damage_dealt":150355,"tombstone:use_disenchantment":5,"tombstone:undead_killed":343,"minecraft:interact_with_smoker":126,"minecraft:interact_with_smithing_table":6,"minecraft:inspect_dispenser":2,"minecraft:horse_one_cm":2259772,"minecraft:interact_with_anvil":49,"minecraft:damage_dealt_absorbed":120,"minecraft:sneak_time":77813,"minecraft:interact_with_blast_furnace":75,"minecraft:total_world_time":2144543,"tombstone:raider_killed":23,"minecraft:tune_noteblock":20,"minecraft:time_since_rest":16926,"tombstone:cast_on_ally":2,"minecraft:swim_one_cm":280167,"minecraft:fly_one_cm":6330320,"minecraft:open_chest":1624,"minecraft:fall_one_cm":696882,"minecraft:animals_bred":17,"minecraft:damage_resisted":154,"minecraft:sprint_one_cm":4530209,"minecraft:drop":786,"minecraft:play_noteblock":1,"minecraft:talked_to_villager":48,"minecraft:walk_on_water_one_cm":267596,"minecraft:player_kills":4,"minecraft:crouch_one_cm":183111,"minecraft:mob_kills":685,"tombstone:use_vanishing":3,"minecraft:interact_with_campfire":17,"minecraft:damage_dealt_resisted":14175,"minecraft:climb_one_cm":59250,"minecraft:walk_one_cm":3798457,"tombstone:consume_soul":9,"minecraft:walk_under_water_one_cm":159039,"spartanshields:shield_bash_hits":16,"minecraft:pot_flower":1,"minecraft:interact_with_grindstone":22,"minecraft:damage_taken":55565,"minecraft:damage_absorbed":955,"tombstone:use_magic_impregnation":4},"minecraft:killed":{"minecraft:cave_spider":56,"tconstruct:sky_slime":47,"infernalexp:embody":3,"minecraft:skeleton":86,"minecraft:chicken":5,"minecraft:magma_cube":2,"minecraft:salmon":2,"minecraft:iron_golem":1,"minecraft:pillager":12,"minecraft:zombie":154,"infernalexp:shroomloin":4,"minecraft:cow":15,"minecraft:evoker":1,"minecraft:vindicator":6,"minecraft:horse":3,"alexsmobs:rocky_roller":2,"minecraft:husk":4,"majruszsdifficulty:cursed_armor":2,"alexsmobs:catfish":1,"alexsmobs:crocodile":1,"infernalexp:voline":9,"netherskeletons:crimson_skeleton":4,"minecraft:enderman":3,"alexsmobs:hummingbird":1,"minecraft:witch":1,"minecraft:spider":48,"minecraft:bee":5,"minecraft:illusioner":3,"infernalexp:basalt_giant":1,"minecraft:piglin":5,"minecraft:creeper":2,"alexsmobs:crimson_mosquito":31,"minecraft:sheep":12,"minecraft:stray":1,"minecraft:blaze":4,"cataclysm:ignited_revenant":1,"minecraft:vex":6,"alexsmobs:bison":2,"minecraft:hoglin":4,"minecraft:squid":1,"alexsmobs:crow":1,"minecraft:wither_skeleton":90},"minecraft:used":{"minecraft:moss_block":25,"infernalexp:infernal_painting":7,"minecraft:smooth_quartz_slab":1,"minecraft:ladder":6,"minecraft:chest":28,"cfm:stripped_birch_upgraded_fence":1,"minecraft:stone":28,"minecraft:quartz_stairs":37,"minecraft:rotten_flesh":53,"tconstruct:sledge_hammer":1,"cfm:oak_desk":6,"minecraft:lava_bucket":8,"minecraft:grass_block":2,"minecraft:birch_sapling":42,"minecraft:quartz_block":7,"minecraft:bow":38,"minecraft:oak_sapling":1,"minecraft:furnace":15,"cfm:birch_cabinet":6,"minecraft:egg":6,"minecraft:potato":252,"minecraft:damaged_anvil":1,"minecraft:wooden_pickaxe":55,"minecraft:golden_apple":15,"minecraft:sand":1,"minecraft:blast_furnace":4,"minecraft:gray_concrete":68,"minecraft:black_concrete_powder":4,"doggytalents:throw_stick":5,"minecraft:birch_fence":214,"minecraft:birch_slab":18,"minecraft:zombie_head":2,"minecraft:stone_button":15,"minecraft:lectern":8,"spartanshields:diamond_tower_shield":106,"minecraft:diamond_sword":1599,"minecraft:smithing_table":1,"minecraft:birch_log":19,"cfm:stripped_birch_chair":7,"minecraft:enchanting_table":1,"minecraft:stone_sword":240,"minecraft:acacia_log":1,"minecraft:armor_stand":3,"minecraft:light_gray_carpet":5,"easy_piglins:piglin":1,"cfm:birch_mail_box":1,"minecraft:cooked_salmon":3,"minecraft:netherrack":701,"minecraft:orange_bed":3,"minecraft:torch":674,"minecraft:brewing_stand":1,"minecraft:anvil":5,"minecraft:nether_quartz_ore":3,"doggytalents:dog_bath":4,"minecraft:stone_stairs":36,"minecraft:blue_concrete":6,"minecraft:iron_axe":501,"infernalexp:ascus_bomb":1,"carryon:entity_item":4,"minecraft:smooth_quartz":16,"minecraft:beef":7,"tombstone:gift":17,"minecraft:cobbled_deepslate":44,"minecraft:wheat_seeds":64,"minecraft:water_bucket":430,"minecraft:birch_planks":696,"minecraft:cartography_table":2,"minecraft:blue_concrete_powder":4,"minecraft:mossy_cobblestone":1,"minecraft:crafting_table":12,"minecraft:campfire":2,"minecraft:diamond_pickaxe":2222,"minecraft:cornflower":2,"minecraft:diamond_shovel":3313,"cfm:white_sofa":5,"minecraft:iron_pickaxe":1769,"tombstone:magic_scroll":38,"minecraft:blue_carpet":7,"minecraft:cobblestone":166,"minecraft:cooked_porkchop":31,"minecraft:glass_pane":7,"cfm:birch_blinds":13,"minecraft:stripped_oak_log":1,"cfm:birch_desk":8,"minecraft:candle":4,"stalwart_dungeons:iron_hammer":8,"cfm:stripped_birch_table":10,"minecraft:iron_shovel":284,"minecraft:white_concrete_powder":881,"minecraft:shield":50,"minecraft:white_terracotta":5,"minecraft:iron_sword":695,"tombstone:lollipop":31,"doggytalents:rice_grains":82,"cfm:birch_kitchen_sink_light":1,"minecraft:birch_pressure_plate":16,"minecraft:nether_bricks":2,"minecraft:carrot":93,"minecraft:cyan_wool":4,"minecraft:obsidian":5,"minecraft:glass":200,"minecraft:quartz_slab":12,"minecraft:lantern":4,"minecraft:blue_orchid":3,"minecraft:raw_gold_block":2,"minecraft:item_frame":2,"minecraft:birch_trapdoor":7,"carryon:tile_item":41,"minecraft:redstone_lamp":2,"minecraft:magma_block":1,"spartanshields:iron_basic_shield":268,"minecraft:gold_block":1,"minecraft:skeleton_skull":1,"doggytalents:dog_bed":18,"mcwbridges:birch_log_bridge_stair":8,"minecraft:polished_blackstone_stairs":1,"minecraft:wither_skeleton_skull":3,"minecraft:birch_leaves":1,"minecraft:stone_pickaxe":131,"minecraft:oak_planks":35,"minecraft:sugar_cane":25,"minecraft:diamond_axe":377,"minecraft:blue_bed":2,"cfm:birch_bedside_cabinet":5,"minecraft:white_wool":10,"minecraft:dripstone_block":1,"minecraft:shears":17,"minecraft:redstone_torch":6,"minecraft:black_concrete":35,"cfm:blue_sofa":6,"minecraft:melon_slice":6,"minecraft:light_gray_concrete":5,"minecraft:bread":24,"minecraft:cyan_bed":1,"minecraft:string":14,"tombstone:grave_key":35,"minecraft:iron_door":10,"cfm:birch_desk_cabinet":3,"tombstone:familiar_stone":4,"minecraft:grindstone":1,"minecraft:andesite":81,"minecraft:coarse_dirt":5,"minecraft:white_concrete":980,"minecraft:bone_meal":109,"minecraft:experience_bottle":268,"doggytalents:rice_mill":6,"minecraft:stone_hoe":29,"tconstruct:pickaxe":1,"minecraft:oak_door":2,"minecraft:dirt":1979,"minecraft:white_carpet":24,"minecraft:hopper":3,"alexsmobs:cooked_kangaroo_meat":1,"tconstruct:seared_bricks":1,"minecraft:iron_hoe":136,"cfm:black_sofa":1,"minecraft:bookshelf":16,"minecraft:golden_carrot":65,"spartanshields:copper_basic_shield":36,"doggytalents:food_bowl":1,"minecraft:cooked_beef":26,"minecraft:enchanted_golden_apple":1,"minecraft:cooked_mutton":26,"cfm:stripped_birch_cabinet":4,"minecraft:cobblestone_stairs":85,"minecraft:polished_andesite":9,"minecraft:baked_potato":364,"minecraft:glow_item_frame":9,"minecraft:painting":76,"minecraft:smoker":4,"tombstone:bag_of_seeds":2,"minecraft:flower_pot":1,"minecraft:apple":1,"minecraft:chicken":2,"minecraft:stone_slab":12,"minecraft:white_banner":2,"minecraft:bucket":438,"minecraft:yellow_bed":1,"alexsmobs:animal_dictionary":38,"minecraft:birch_stairs":9},"minecraft:mined":{"minecraft:dark_oak_planks":1,"minecraft:blue_carpet":1,"minecraft:acacia_log":3,"minecraft:brown_wool":2,"minecraft:spawner":32,"minecraft:magma_block":2,"minecraft:mossy_cobblestone_stairs":1,"minecraft:cobbled_deepslate":1,"minecraft:fire":8,"tconstruct:cobalt_ore":1,"minecraft:pumpkin":21,"minecraft:deepslate_lapis_ore":2,"minecraft:enchanting_table":1,"minecraft:quartz_slab":2,"minecraft:light_gray_concrete":11,"cfm:stripped_birch_chair":6,"minecraft:white_banner":2,"minecraft:tripwire":3,"minecraft:orange_bed":6,"tconstruct:sky_sky_slime_grass":2,"minecraft:smoker":2,"minecraft:crimson_nylium":119,"minecraft:soul_fire":1,"minecraft:torch":255,"minecraft:blast_furnace":2,"minecraft:melon":1,"minecraft:glass":8,"minecraft:sugar_cane":37,"minecraft:damaged_anvil":1,"minecraft:birch_sapling":3,"minecraft:skeleton_skull":1,"minecraft:cyan_wool":7,"minecraft:wheat":54,"minecraft:grass":157,"minecraft:smooth_quartz":26,"minecraft:zombie_wall_head":1,"minecraft:deepslate":168,"minecraft:yellow_terracotta":1,"minecraft:dark_prismarine":2,"doggytalents:dog_bath":3,"minecraft:stripped_birch_log":7,"minecraft:nether_bricks":3,"minecraft:allium":2,"minecraft:spruce_fence":10,"minecraft:crimson_roots":6,"minecraft:redstone_wire":1,"minecraft:cartography_table":2,"minecraft:moss_block":29,"minecraft:white_concrete_powder":23,"minecraft:andesite":345,"minecraft:potatoes":160,"minecraft:vine":1,"cfm:birch_cabinet":4,"cfm:white_sofa":4,"tconstruct:earth_congealed_slime":26,"minecraft:white_wool":10,"minecraft:birch_stairs":13,"minecraft:light_gray_carpet":2,"minecraft:gray_concrete":5,"minecraft:glass_pane":7,"minecraft:soul_sand":6,"minecraft:cornflower":19,"minecraft:emerald_ore":24,"doggytalents:rice_mill":2,"minecraft:campfire":2,"minecraft:copper_ore":26,"minecraft:tall_grass":41,"minecraft:deepslate_gold_ore":18,"cfm:birch_mail_box":1,"minecraft:coarse_dirt":8,"minecraft:white_carpet":6,"minecraft:birch_leaves":62,"minecraft:zombie_head":1,"minecraft:gravel":474,"minecraft:cobweb":53,"minecraft:stone_bricks":1,"cfm:stripped_birch_table":4,"minecraft:gold_ore":19,"minecraft:fern":1,"minecraft:spruce_planks":5,"minecraft:attached_melon_stem":1,"minecraft:cobblestone_stairs":3,"tconstruct:seared_bricks":1,"minecraft:brewing_stand":1,"minecraft:grass_block":704,"minecraft:blue_concrete":6,"minecraft:white_concrete":949,"minecraft:smooth_stone":8,"minecraft:iron_ore":172,"minecraft:anvil":1,"cfm:birch_bedside_cabinet":3,"minecraft:dark_oak_stairs":2,"minecraft:pointed_dripstone":1,"minecraft:quartz_block":6,"minecraft:cyan_terracotta":2,"minecraft:blackstone":11,"minecraft:clay":4,"minecraft:chiseled_quartz_block":1,"cfm:stripped_birch_upgraded_fence":1,"minecraft:poppy":1,"minecraft:chest":13,"minecraft:nether_quartz_ore":1004,"minecraft:cobblestone":53,"minecraft:grindstone":3,"minecraft:oak_planks":20,"minecraft:iron_door":2,"minecraft:wall_torch":63,"minecraft:seagrass":4,"minecraft:stone_stairs":3,"minecraft:birch_log":311,"minecraft:birch_trapdoor":1,"minecraft:oak_log":136,"minecraft:sand":835,"minecraft:dirt":1475,"minecraft:netherrack":3019,"minecraft:oak_leaves":65,"infernalexp:buried_bone":4,"minecraft:redstone_lamp":1,"minecraft:crying_obsidian":1,"minecraft:nether_gold_ore":34,"minecraft:tuff":27,"minecraft:quartz_stairs":18,"minecraft:deepslate_diamond_ore":20,"minecraft:candle":1,"tconstruct:earth_slime_crystal_block":25,"minecraft:birch_slab":7,"minecraft:spruce_leaves":2,"minecraft:large_fern":3,"minecraft:hay_block":6,"minecraft:furnace":12,"minecraft:carrots":27,"minecraft:raw_gold_block":2,"tconstruct:budding_earth_slime_crystal":1,"minecraft:black_concrete":14,"doggytalents:dog_bed":7,"minecraft:gold_block":6,"minecraft:bookshelf":25,"minecraft:deepslate_iron_ore":24,"minecraft:stripped_oak_log":1,"minecraft:stone":1398,"minecraft:redstone_wall_torch":3,"cfm:birch_kitchen_sink_light":1,"doggytalents:rice_crop":70,"minecraft:acacia_leaves":7,"mcwbridges:birch_log_bridge_stair":6,"minecraft:oak_fence":4,"minecraft:crafting_table":4,"minecraft:lectern":8,"minecraft:lapis_ore":4,"minecraft:birch_planks":94,"cfm:black_sofa":2,"minecraft:polished_blackstone_stairs":2,"minecraft:coal_ore":259,"minecraft:end_rod":1,"minecraft:cyan_carpet":20,"minecraft:polished_andesite":7,"minecraft:mossy_stone_bricks":1,"minecraft:birch_fence":52},"minecraft:killed_by":{"minecraft:pillager":1,"minecraft:vindicator":12,"minecraft:zombie":9,"majruszsdifficulty:cursed_armor":1,"minecraft:vex":2,"doggytalents:dog":1,"minecraft:evoker":1,"minecraft:wither_skeleton":8,"minecraft:creeper":2,"minecraft:player":3,"minecraft:iron_golem":1,"minecraft:skeleton":17,"alexsmobs:crimson_mosquito":1,"cataclysm:ignis":12},"minecraft:dropped":{"minecraft:iron_sword":1,"minecraft:piston":30,"minecraft:lapis_lazuli":8,"minecraft:glow_ink_sac":103,"minecraft:glass_bottle":12,"minecraft:cooked_porkchop":1,"minecraft:saddle":7,"minecraft:red_carpet":1,"tconstruct:sword":1,"minecraft:emerald":69,"minecraft:gold_block":3,"minecraft:dirt":254,"minecraft:gray_concrete":84,"minecraft:grass":2,"savage_and_ravage:creeper_spores":3,"doggytalents:dog_bed":2,"minecraft:gold_nugget":3,"minecraft:bone_meal":5,"minecraft:sand":123,"tconstruct:sky_slime_ball":2,"tombstone:familiar_receptacle":2,"minecraft:music_disc_stal":6,"minecraft:white_wool":21,"minecraft:birch_stairs":1,"minecraft:gray_dye":71,"minecraft:cyan_carpet":15,"minecraft:bone":67,"minecraft:oak_door":1,"tconstruct:pickaxe":2,"majruszsdifficulty:cloth":76,"minecraft:lever":3,"minecraft:iron_nugget":4,"minecraft:cobbled_deepslate":37,"alexsmobs:animal_dictionary":1,"minecraft:black_carpet":3,"tconstruct:earth_slime_grass_seeds":1,"minecraft:birch_sapling":33,"minecraft:wheat":1,"minecraft:obsidian":1,"minecraft:rotten_flesh":26,"minecraft:grindstone":3,"minecraft:oak_planks":44,"alexsmobs:emu_egg":2,"minecraft:azure_bluet":1,"alexsmobs:blood_sac":1,"minecraft:tipped_arrow":3,"minecraft:quartz_block":3,"minecraft:glass":86,"minecraft:beef":2,"minecraft:iron_ingot":38,"minecraft:golden_boots":2,"minecraft:enchanted_book":20,"minecraft:wheat_seeds":112,"minecraft:copper_block":1,"minecraft:golden_horse_armor":4,"minecraft:iron_helmet":7,"minecraft:oak_fence":30,"minecraft:feather":12,"minecraft:cobblestone":1484,"minecraft:coal":62,"minecraft:golden_apple":1,"minecraft:end_rod":3,"minecraft:gray_wool":1,"minecraft:golden_carrot":59,"minecraft:ink_sac":24,"minecraft:potion":2,"sophisticatedbackpacks:advanced_tool_swapper_upgrade":1,"minecraft:mossy_cobblestone_stairs":1,"minecraft:smooth_stone":1,"minecraft:iron_shovel":1,"minecraft:chainmail_leggings":2,"minecraft:paper":5,"minecraft:string":80,"minecraft:blue_carpet":5,"minecraft:acacia_planks":34,"minecraft:furnace":5,"tombstone:familiar_stone":2,"minecraft:stone_sword":3,"minecraft:cocoa_beans":3,"minecraft:bowl":10,"minecraft:sticky_piston":40,"minecraft:white_carpet":1,"minecraft:clay_ball":8,"minecraft:iron_boots":4,"minecraft:blue_concrete":2,"sophisticatedbackpacks:backpack":5,"minecraft:spruce_fence":4,"minecraft:shears":2,"minecraft:diamond_sword":14,"tconstruct:sky_slime_sling":1,"minecraft:potato":5,"minecraft:stone":1,"minecraft:allium":1,"minecraft:spruce_planks":2,"minecraft:bundle":10,"minecraft:diamond_pickaxe":1,"doggytalents:throw_stick":2,"minecraft:redstone_torch":4,"minecraft:spider_eye":41,"sophisticatedbackpacks:copper_backpack":1,"minecraft:bow":14,"minecraft:magma_block":15,"minecraft:quartz_slab":5,"minecraft:birch_planks":15,"minecraft:dark_oak_stairs":3,"minecraft:moss_block":2,"minecraft:candle":1,"tconstruct:sky_slime_dirt":26,"cataclysm:the_incinerator":1,"alexsmobs:rocky_shell":2,"minecraft:blue_concrete_powder":4,"minecraft:leather":2,"minecraft:iron_horse_armor":4,"minecraft:birch_slab":1,"alexsmobs:bison_fur":6,"minecraft:flint":14,"minecraft:music_disc_13":1,"tombstone:bag_of_seeds":25,"minecraft:cornflower":7,"minecraft:crimson_roots":8,"majruszsdifficulty:tattered_boots":1,"minecraft:amethyst_shard":16,"minecraft:birch_log":1,"minecraft:gold_ingot":29,"minecraft:gravel":1,"majruszsdifficulty:tattered_chestplate":1,"doggytalents:whistle":5,"minecraft:pointed_dripstone":1,"minecraft:diamond_shovel":2,"minecraft:cooked_mutton":1,"minecraft:stone_stairs":1,"minecraft:leather_chestplate":3,"minecraft:gunpowder":39,"minecraft:beetroot_seeds":27,"minecraft:chainmail_boots":2,"doggytalents:rice_grains":146,"minecraft:arrow":64,"minecraft:white_concrete_powder":439,"tconstruct:sky_slime_crystal":4,"minecraft:quartz":138,"minecraft:splash_potion":7,"minecraft:netherrack":238,"minecraft:purple_carpet":18,"minecraft:water_bucket":6,"spartanshields:copper_basic_shield":1,"minecraft:bread":64,"minecraft:magenta_carpet":12,"minecraft:mossy_cobblestone":1,"minecraft:bookshelf":12,"minecraft:poisonous_potato":1,"minecraft:lead":7,"stalwart_dungeons:iron_hammer":4,"minecraft:copper_ingot":2,"minecraft:acacia_log":1,"minecraft:stick":25,"doggytalents:uncooked_rice":10,"minecraft:blue_dye":2,"minecraft:brewing_stand":1,"tombstone:magic_scroll":19,"minecraft:torch":63,"tombstone:grave_key":1,"minecraft:melon_slice":5,"minecraft:white_concrete":116,"minecraft:smooth_quartz":134,"minecraft:iron_door":5,"tombstone:grave_dust":67,"tconstruct:raw_cobalt":2,"minecraft:fire_charge":5,"minecraft:iron_leggings":7,"doggytalents:breeding_bone":3,"minecraft:iron_axe":2,"minecraft:orange_bed":2,"minecraft:bucket":1,"minecraft:music_disc_cat":1,"minecraft:dandelion":5,"minecraft:redstone":18,"minecraft:anvil":2,"alexsmobs:maggot":6,"minecraft:gray_stained_glass":18,"cataclysm:ignitium_ingot":3,"minecraft:coarse_dirt":4,"cfm:birch_kitchen_sink_light":1,"minecraft:raw_copper":86,"minecraft:raw_iron":68,"minecraft:totem_of_undying":1,"minecraft:glass_pane":12,"minecraft:flint_and_steel":5,"minecraft:filled_map":7,"minecraft:shield":4,"minecraft:iron_chestplate":9,"minecraft:andesite":117,"minecraft:quartz_stairs":1,"tconstruct:earth_slime_sapling":5,"minecraft:oak_sapling":1,"minecraft:golden_sword":1,"tconstruct:seared_brick":28,"minecraft:diamond_boots":1,"minecraft:slime_ball":99,"minecraft:raw_gold":3,"tombstone:book_of_magic_impregnation":1,"minecraft:calcite":70,"cfm:stripped_birch_table":9}},"DataVersion":2975}